planet_name,planet_status,mass,orbital_period,semi_major_axis,eccentricity,discovered,detection_type,star_name
11 Com b,Confirmed,19.4,326.03,1.29,0.231,2008,Radial Velocity,11 Com
11 UMi b,Confirmed,10.5,516.22,1.54,0.08,2009,Radial Velocity,11 UMi
14 And b,Confirmed,5.33,185.84,0.83,0,2008,Radial Velocity,14 And
14 Her b,Confirmed,4.64,1773.4,2.77,0.369,2002,Radial Velocity,14 Her
16 Cyg B b,Confirmed,1.68,799.5,1.68,0.689,1996,Radial Velocity,16 Cyg B
18 Del b,Confirmed,10.3,993.3,2.6,0.08,2008,Radial Velocity,18 Del
24 Sex b,Confirmed,1.99,452.8,1.333,0.09,2010,Radial Velocity,24 Sex
24 Sex c,Confirmed,0.86,883,2.08,0.29,2010,Radial Velocity,24 Sex
2M 0746+20 b,Confirmed,30,4640,2.897,0.487,2010,Imaging,2M 0746+20
2M 2140+16 b,Confirmed,20,7340,3.53,0.26,2010,Imaging,2M 2140+16
2M 2206-20 b,Confirmed,30,8686,4.48,0,2010,Imaging,2M 2206-20
30 Ari B b,Confirmed,9.88,335.1,0.995,0.289,2009,Radial Velocity,30 Ari B
38 Vir b,Confirmed,4.51,825.9,1.82,0.03,2016,Primary Transit,38 Vir
4 Uma b,Confirmed,7.1,269.3,0.87,0.432,2007,Radial Velocity,4 Uma
42 Dra b,Confirmed,3.88,479.1,1.19,0.38,2009,Radial Velocity,42 Dra
47 Uma b,Confirmed,2.53,1078,2.1,0.032,1996,Radial Velocity,47 Uma
47 Uma c,Confirmed,0.54,2391,3.6,0.098,2001,Radial Velocity,47 Uma
47 Uma d,Confirmed,1.64,14002,11.6,0.16,2010,Radial Velocity,47 Uma
51 Eri b,Confirmed,9.1,14965,14,0.21,2015,Imaging,51 Eri
51 Peg b,Confirmed,0.47,4.2308,0.052,0.0069,1995,Radial Velocity,51 Peg
55 Cnc b,Confirmed,0.84,14.65314,0.11339,0.0023,1996,Radial Velocity,55 Cnc
55 Cnc c,Confirmed,0.1784,44.373,0.23735,0.072,2002,Radial Velocity,55 Cnc
55 Cnc d,Confirmed,3.86,4867,5.446,0.0269,2002,Radial Velocity,55 Cnc
55 Cnc e,Confirmed,0.02547,0.7365478,0.015439,0.028,2004,Primary Transit,55 Cnc
55 Cnc f,Confirmed,0.1479,260.91,0.7733,0.08,2007,Radial Velocity,55 Cnc
6 Lyn b,Confirmed,69,899,2.2,0.134,2008,Radial Velocity,6 Lyn
61 Vir b,Confirmed,0.016,4.215,0.050201,0.12,2009,Radial Velocity,61 Vir
61 Vir c,Confirmed,0.0573,38.021,0.2175,0.14,2009,Radial Velocity,61 Vir
61 Vir d,Confirmed,0.072,123.01,0.476,0.35,2009,Radial Velocity,61 Vir
7 CMa b,Confirmed,2.46,796,1.93,0.22,2011,Radial Velocity,7 CMa
70 Vir b,Confirmed,6.6,116.67,0.48,0.43,1996,Radial Velocity,70 Vir
8 Umi b,Confirmed,1.5,93.4,0.49,0.06,2015,Radial Velocity,8 Umi
81 Cet b,Confirmed,5.3,952.7,2.5,0.206,2008,Radial Velocity,81 Cet
91 Aqr b,Confirmed,3.2,181.4,0.7,0.027,2003,Radial Velocity,91 Aqr
AS 205 A b,Confirmed,19.25,24.84,0.162,0.35,2017,Radial Velocity,AS 205A
Aldebaran b,Confirmed,6.47,628.96,1.46,0.1,1998,Radial Velocity,Aldebaran
BD+03 2562 b,Confirmed,6.4,481.9,1.3,0.2,2017,Radial Velocity,BD+03 2562
BD+14 4559 b,Confirmed,1.47,268.94,0.777,0.29,2009,Radial Velocity,BD+14 4559
BD+15 2375 b,Confirmed,1.06,153.22,0.576,0.001,2016,Radial Velocity,BD+15 2375
BD+15 2940 b,Confirmed,1.11,137.48,0.539,0.26,2013,Radial Velocity,BD+15 2940
BD+20 1790 b,Confirmed,6.37,7.78287,0.066,0.22,2009,Other,BD+20 1790
BD+20 2457 b,Confirmed,21.42,379.63,1.45,0.15,2009,Radial Velocity,BD+20 2457
BD+20 2457 c,Confirmed,12.47,621.99,2.01,0.18,2009,Radial Velocity,BD+20 2457
BD+20 594 b,Confirmed,0.0513,41.6855,0.241,0,2016,Primary Transit,BD+20 594
BD+24 4697 b,Confirmed,53,145.081,0.5,0.50048,2016,Radial Velocity,BD+24 4697
BD+26 1888 b,Confirmed,26,536.78,1.19,0.2675,2016,Radial Velocity,BD+26 1888
BD+48 738 b,Confirmed,0.91,392.6,1,0.2,2011,Radial Velocity,BD +48 738
BD+49 828 b,Confirmed,1.6,2590,4.2,0.35,2015,Radial Velocity,BD+49 828
BD-06 1339 b,Confirmed,0.027,3.8728,0.0428,0,2013,Radial Velocity,BD-06 1339
BD-06 1339 c,Confirmed,0.17,125.94,0.435,0,2013,Radial Velocity,BD-06 1339
BD-06 1339 d,Confirmed,0.091,500,1.06,0.04,2014,Radial Velocity,BD-06 1339
BD-08 2823 b,Confirmed,0.045,5.6,0.056,0.15,2009,Radial Velocity,BD-08 2823
BD-08 2823 c,Confirmed,0.33,237.6,0.68,0.19,2009,Radial Velocity,BD-08 2823
BD-10 3166 b,Confirmed,0.46,3.4878,0.046,0.0104,2000,Radial Velocity,BD-10 3166
BD-11 4672 b,Confirmed,0.53,1667,2.28,0.05,2010,Radial Velocity,BD-11 4672
BD-17 63 b,Confirmed,5.1,655.6,1.34,0.54,2008,Radial Velocity,BD-17 63
CoRoT-1 b,Confirmed,1.03,1.5089557,0.0254,0,2007,Primary Transit,CoRoT-1
CoRoT-10 b,Confirmed,2.75,13.2406,0.1055,0.53,2010,Primary Transit,CoRoT-10
CoRoT-11 b,Confirmed,2.33,2.994325,0.04351,0,2010,Primary Transit,CoRoT-11
CoRoT-12 b,Confirmed,0.917,2.828042,0.04016,0.07,2010,Primary Transit,CoRoT-12
CoRoT-13 b,Confirmed,1.308,4.03519,0.051,0,2010,Primary Transit,CoRoT-13
CoRoT-14 b,Confirmed,7.6,1.51214,0.027,0,2010,Primary Transit,CoRoT-14
CoRoT-15 b,Confirmed,63.4,3.06036,0.045,0,2010,Primary Transit,CoRoT-15
CoRoT-16 b,Confirmed,0.535,5.35227,0.0618,0.33,2010,Primary Transit,CoRoT-16
CoRoT-17 b,Confirmed,2.43,3.768125,0.0461,0,2010,Primary Transit,CoRoT-17
CoRoT-18 b,Confirmed,3.47,1.9000693,0.0295,0.08,2011,Primary Transit,CoRoT-18
CoRoT-19 b,Confirmed,1.11,3.89713,0.0518,0.047,2011,Primary Transit,CoRoT-19
CoRoT-2 b,Confirmed,3.31,1.7429964,0.0281,0,2007,Primary Transit,CoRoT-2
CoRoT-20 b,Confirmed,4.24,9.24285,0.0902,0.562,2011,Primary Transit,CoRoT-20
CoRoT-21 b,Confirmed,2.26,2.72474,0.0417,0,2011,Primary Transit,CoRoT-21
CoRoT-22 b,Confirmed,0.0383853,9.75598,0.092,0.077,2011,Primary Transit,CoRoT-22
CoRoT-23 b,Confirmed,2.8,3.6314,0.0477,0.16,2011,Primary Transit,CoRoT-23
CoRoT-24 b,Confirmed,0.018,5.1134,0.056,0,2011,Primary Transit,CoRoT-24
CoRoT-24 c,Confirmed,0.088,11.759,0.098,0,2011,Primary Transit,CoRoT-24
CoRoT-26 b,Confirmed,0.52,4.20474,0.0526,0,2012,Primary Transit,CoRoT-26
CoRoT-27 b,Confirmed,10.39,3.57532,0.0476,0.065,2012,Primary Transit,CoRoT-27
CoRoT-28 b,Confirmed,0.484,5.20851,0.059,0.047,2012,Primary Transit,CoRoT-28
CoRoT-29 b,Confirmed,0.85,2.85057,0.039,0.082,2012,Primary Transit,CoRoT-29
CoRoT-3 b,Confirmed,21.77,4.2567994,0.057,0,2008,Primary Transit,CoRoT-3
CoRoT-30 b,Confirmed,2.84,9.06005,0.084,0.007,2017,Primary Transit,CoRoT-30
CoRoT-31 b,Confirmed,0.84,4.62941,0.0586,0.02,2017,Primary Transit,CoRoT-31
CoRoT-33 b,Confirmed,59.2,5.819143,0.0579,0.07,2015,Primary Transit,CoRoT-33
CoRoT-4 b,Confirmed,0.72,9.20205,0.09,0,2008,Primary Transit,CoRoT-4
CoRoT-5 b,Confirmed,0.467,4.0378962,0.04947,0.09,2008,Primary Transit,CoRoT-5
CoRoT-6 b,Confirmed,2.96,8.886593,0.0855,0.1,2009,Primary Transit,CoRoT-6
CoRoT-7 b,Confirmed,0.0149,0.853585,0.0172,0.12,2009,Primary Transit,CoRoT-7
CoRoT-7 c,Confirmed,0.04266,3.698,0.046,0.12,2009,Radial Velocity,CoRoT-7
CoRoT-8 b,Confirmed,0.215838656,6.21229,0.063,0,2010,Primary Transit,CoRoT-8
CoRoT-9 b,Confirmed,0.84,95.273804,0.407,0.133,2010,Primary Transit,CoRoT-9
DE0823-49 b,Confirmed,31.5,247.75,0.36,0.36,2013,Imaging,DE0823-49
DP Leo b,Confirmed,6.05,10230,8.19,0.39,2009,Pulsar,DP Leo
EPIC 211418729 b,Confirmed,1.85,11.39109,0.09309,0,2017,Primary Transit,EPIC 211418729
EPIC 211442297 b,Confirmed,0.84,20.273034,0.1367,0.137,2017,Primary Transit,EPIC 211442297
EPIC 219388192 b,Confirmed,36.5,5.292569,0.0593,0.1929,2016,Primary Transit,EPIC 219388192
EPIC 220504338,Confirmed,1.28,5.817712,0.0575,0,2016,Primary Transit,EPIC 220504338
EPIC 228735255 b,Confirmed,1.019,6.5693,0.0591,0.12,2017,Primary Transit,EPIC 228735255
EPIC 228754001 b,Confirmed,0.495,9.1708,0.0916,0.29,2017,Primary Transit,EPIC 228754001
Fomalhaut b,Confirmed,3,320000,115,0.11,2008,Imaging,Fomalhaut
GJ 1132 b,Confirmed,0.0051,1.62893,0.0154,0,2015,Primary Transit,GJ 1132
GJ 1214 b,Confirmed,0.020325331,1.58040482,0.01411,0.27,2009,Primary Transit,GJ 1214
GJ 15 A b,Confirmed,0.016832898,11.4433,0.0717,0,2014,Radial Velocity,GJ 15 A
GJ 160.2 b,Confirmed,0.032092628,5.2354,0.053,0.06,2014,Radial Velocity,GJ 160.2
GJ 163 b,Confirmed,0.0334,8.633,0.06069,0.0106,2012,Radial Velocity,GJ 163
GJ 163 c,Confirmed,0.02285,25.645,0.1254,0.094,2012,Radial Velocity,GJ 163
GJ 163 d,Confirmed,0.06945,600.895,1.02689,0.399,2013,Radial Velocity,GJ 163
GJ 176 b,Confirmed,0.0265,8.7836,0.066,0,2007,Radial Velocity,GJ 176
GJ 179 b,Confirmed,0.82,2288,2.41,0.21,2010,Radial Velocity,GJ 179
GJ 180 b,Confirmed,0.02611459,17.38,0.103,0.11,2014,Radial Velocity,GJ 180
GJ 180 c,Confirmed,0.020136551,24.329,0.129,0.09,2014,Radial Velocity,GJ 180
GJ 229 A b,Confirmed,0.100682755,471,0.97,0.1,2014,Radial Velocity,GJ 229 A
GJ 27.1 b,Confirmed,0.040902369,15.819,0.101,0.08,2014,Radial Velocity,GJ 27.1
GJ 273 b,Confirmed,0.00909,18.6498,0.091101,0.1,2017,Radial Velocity,GJ 273
GJ 273 c,Confirmed,0.00371,4.7234,0.036467,0.17,2017,Radial Velocity,GJ 273
GJ 3021 b,Confirmed,3.37,133.71,0.49,0.511,2000,Radial Velocity,GJ 3021
GJ 3138 b,Confirmed,0.0132,5.974,0.057,0.11,2017,Radial Velocity,GJ 3138
GJ 3138 c,Confirmed,0.0056,1.22003,0.0197,0.19,2017,Radial Velocity,GJ 3138
GJ 3138 d,Confirmed,0.033,257.8,0.698,0.32,2017,Radial Velocity,GJ 3138
GJ 317 b,Confirmed,2.56,692,1.148,0.11,2007,Radial Velocity,GJ 317
GJ 317 c,Confirmed,2,7300,30,0.81,2007,Radial Velocity,GJ 317
GJ 328 b,Confirmed,2.3,4100,4.5,0.37,2013,Radial Velocity,GJ 328
GJ 3293 b,Confirmed,0.07406,30.5987,0.14339,0.06,2014,Radial Velocity,GJ 3293
GJ 3293 c,Confirmed,0.06636,122.6196,0.36175,0.11,2014,Other,GJ 3293
GJ 3293 d,Confirmed,0.024,48.1345,0.194,0.12,2014,Radial Velocity,GJ 3293
GJ 3293 e,Confirmed,0.0103,13.2543,0.0821,0.21,2017,Radial Velocity,GJ 3293
GJ 3323 b,Confirmed,0.00636,5.3636,0.03282,0.23,2017,Radial Velocity,GJ 3323
GJ 3323 c,Confirmed,0.00727,40.54,0.1264,0.17,2017,Radial Velocity,GJ 3323
GJ 3341 b,Confirmed,0.35717,14.207,0.089,0.31,2014,Radial Velocity,GJ 3341
GJ 3634 b,Confirmed,0.026,2.64561,0.0287,0.08,2011,Radial Velocity,GJ 3634
GJ 3942 b,Confirmed,0.0225,6.905,0.0608,0.121,2017,Radial Velocity,GJ 3942
GJ 3998 b,Confirmed,0.00777,2.64977,0.029,0,2016,Radial Velocity,GJ 3998
GJ 3998 c,Confirmed,0.0197,13.74,0.089,0.049,2016,Radial Velocity,GJ 3998
GJ 422 b,Confirmed,0.031148727,26.161,0.119,0.05,2014,Radial Velocity,GJ 422
GJ 433 b,Confirmed,0.01667,7.3697,0.06,0.05,2009,Radial Velocity,GJ 433
GJ 433 c,Confirmed,0.14,3693,3.6,0.17,2012,Radial Velocity,GJ 433
GJ 436 b,Confirmed,0.07,2.64394,0.02887,0.1912,2004,Primary Transit,GJ 436
GJ 536 b,Confirmed,0.0169,8.7076,0.06661,0.08,2016,Radial Velocity,GJ 536
GJ 581 b,Confirmed,0.05,5.36865,0.041,0.031,2005,Radial Velocity,GJ 581
GJ 581 c,Confirmed,0.017,12.9182,0.073,0.07,2007,Radial Velocity,GJ 581
GJ 581 e,Confirmed,0.0061,3.14945,0.028,0.32,2009,Radial Velocity,GJ 581
GJ 625 b,Confirmed,0.0095,14.638,0.078399,0.13,2017,Radial Velocity,GJ 625
GJ 649 b,Confirmed,0.328,598.3,1.135,0.3,2009,Radial Velocity,GJ 649
GJ 649 c,Confirmed,0.03,4.4762,0.043,0.2,2013,Radial Velocity,GJ 649
GJ 667 C b,Confirmed,0.0176,7.2004,0.0505,0.13,2009,Radial Velocity,GJ 667 C
GJ 667 C c,Confirmed,0.012,28.14,0.125,0.02,2011,Radial Velocity,GJ 667 C
GJ 667 C d,Confirmed,0.01604,91.61,0.276,0.03,2012,Radial Velocity,GJ 667 C
GJ 667 C e,Confirmed,0.0085,62.24,0.213,0.02,2013,Radial Velocity,GJ 667 C
GJ 667 C f,Confirmed,0.0085,39.026,0.156,0.03,2013,Radial Velocity,GJ 667 C
GJ 667 C g,Confirmed,0.0145,256.2,0.549,0.08,2013,Radial Velocity,GJ 667 C
GJ 674 b,Confirmed,0.04,4.6944,0.039,0.07,2007,Radial Velocity,GJ 674
GJ 676 A b,Confirmed,6.7,1052.1,1.812,0.323,2009,Radial Velocity,GJ 676 A
GJ 676 A c,Confirmed,6.8,7337,6.6,0.2,2012,Radial Velocity,GJ 676 A
GJ 676 A d,Confirmed,0.014,3.6,0.0413,0.15,2012,Radial Velocity,GJ 676 A
GJ 676 A e,Confirmed,0.036,35.37,0.187,0.24,2012,Radial Velocity,GJ 676 A
GJ 682 b,Confirmed,0.013843879,17.478,0.08,0.08,2014,Radial Velocity,GJ 682
GJ 682 c,Confirmed,0.027365121,57.32,0.176,0.1,2014,Radial Velocity,GJ 682
GJ 687 b,Confirmed,0.058,38.14,0.16353,0.04,2014,Radial Velocity,GJ 687
GJ 758 b,Confirmed,45,109000,44.8,0.564,2009,Imaging,GJ 758
GJ 785 b,Confirmed,0.0532,74.72,0.32,0.13,2010,Radial Velocity,GJ 785
GJ 785 c,Confirmed,0.076,525.8,1.18,0.32,2011,Radial Velocity,GJ 785
GJ 832 b,Confirmed,0.689047604,3416,3.6,0.08,2008,Radial Velocity,GJ 832
GJ 832 c,Confirmed,0.01573168,35.67,0.162,0.03,2014,Radial Velocity,GJ 832
GJ 849 b,Confirmed,0.9,1914,2.35,0.012,2006,Radial Velocity,GJ 849
GJ 86 A b,Confirmed,4.01,15.766,0.11,0.046,2000,Radial Velocity,GJ 86
GJ 876 b,Confirmed,1.938,61.03,0.208317,0,2000,Radial Velocity,GJ 876
GJ 876 c,Confirmed,0.856,30.23,0.12959,0.002,2000,Radial Velocity,GJ 876
GJ 876 d,Confirmed,0.022,1.94,0.02080665,0.081,2005,Radial Velocity,GJ 876
GJ 876 e,Confirmed,0.045,124.69,0.3343,0.073,2010,Radial Velocity,GJ 876
GJ 9827 b,Confirmed,0.0258,1.2089819,0.0211,0,2017,Primary Transit,GJ 9827
GJ 9827 d,Confirmed,0.012,6.201472,0.0627,0,2017,Primary Transit,GJ 9827
HAT-36 b,Confirmed,2.79,4.1752379,0.0529,0.294,2017,Primary Transit,HATS-36
HAT-P-1 b,Confirmed,0.525,4.46529976,0.05561,0.067,2006,Primary Transit,HAT-P-1
HAT-P-11 b,Confirmed,0.082434006,4.887802443,0.053,0.265,2009,Primary Transit,HAT-P-11
HAT-P-12 b,Confirmed,0.210489885,3.2130598,0.0384,0,2009,Primary Transit,HAT-P-12
HAT-P-13 b,Confirmed,0.85,2.916243,0.0426,0.0142,2009,Primary Transit,HAT-P-13
HAT-P-13 c,Confirmed,14.28,446.27,1.186,0.6616,2009,Radial Velocity,HAT-P-13
HAT-P-14 b,Confirmed,2.2,4.627657,0.0594,0.095,2010,Primary Transit,HAT-P-14
HAT-P-15 b,Confirmed,1.946,10.863502,0.0964,0.19,2010,Primary Transit,HAT-P-15
HAT-P-16 b,Confirmed,4.193,2.77596,0.0413,0.036,2010,Primary Transit,HAT-P-16
HAT-P-17 b,Confirmed,0.534,10.338523,0.0882,0.346,2010,Primary Transit,HAT-P-17
HAT-P-17 c,Confirmed,1.4,1798,2.75,0.1,2010,Radial Velocity,HAT-P-17
HAT-P-18 b,Confirmed,0.183,5.508029,0.0559,0.106,2010,Primary Transit,HAT-P-18
HAT-P-19 b,Confirmed,0.292,4.008784,0.0466,0.067,2010,Primary Transit,HAT-P-19
HAT-P-2 b,Confirmed,8.74,5.6334729,0.0674,0.5171,2007,Primary Transit,HAT-P-2
HAT-P-20 b,Confirmed,7.246,2.875317,0.0361,0.015,2010,Primary Transit,HAT-P-20
HAT-P-21 b,Confirmed,4.063,4.124461,0.0494,0.228,2010,Primary Transit,HAT-P-21
HAT-P-22 b,Confirmed,2.147,3.21222,0.0414,0.016,2010,Primary Transit,HAT-P-22
HAT-P-23 b,Confirmed,2.09,1.212884,0.0232,0.106,2010,Primary Transit,HAT-P-23
HAT-P-24 b,Confirmed,0.685,3.35524,0.0465,0.067,2010,Primary Transit,HAT-P-24
HAT-P-25 b,Confirmed,0.567,3.652836,0.0466,0.032,2010,Primary Transit,HAT-P-25
HAT-P-26 b,Confirmed,0.058521851,4.234516,0.0479,0.124,2010,Primary Transit,HAT-P-26
HAT-P-27-WASP-40 b,Confirmed,0.66,3.0395803,0.0403,0.078,2011,Primary Transit,HAT-P-27-WASP-40
HAT-P-28 b,Confirmed,0.626,3.257215,0.0434,0.051,2011,Primary Transit,HAT-P-28
HAT-P-29 b,Confirmed,0.778,5.723186,0.0667,0.095,2011,Primary Transit,HAT-P-29
HAT-P-3 b,Confirmed,0.591,2.899703,0.03866,0,2007,Primary Transit,HAT-P-3
HAT-P-30-WASP-51 b,Confirmed,0.711,2.810595,0.0419,0.035,2011,Primary Transit,HAT-P-30-WASP-51
HAT-P-31 b,Confirmed,2.171,5.005425,0.055,0.245,2011,Primary Transit,HAT-P-31
HAT-P-32 b,Confirmed,0.941,2.150009,0.0344,0.163,2011,Primary Transit,HAT-P-32
HAT-P-33 b,Confirmed,0.763,3.474474,0.0503,0.148,2011,Primary Transit,HAT-P-33
HAT-P-34 b,Confirmed,3.328,5.452654,0.0677,0.441,2012,Primary Transit,HAT-P-34
HAT-P-35 b,Confirmed,1.054,3.646706,0.0498,0.025,2012,Primary Transit,HAT-P-35
HAT-P-36 b,Confirmed,1.832,1.327347,0.0238,0.063,2012,Primary Transit,HAT-P-36
HAT-P-37 b,Confirmed,1.169,2.797436,0.0379,0.058,2012,Primary Transit,HAT-P-37
HAT-P-38 b,Confirmed,0.267,4.640382,0.0523,0.067,2012,Primary Transit,HAT-P-38
HAT-P-4 b,Confirmed,0.68,3.0565114,0.0446,0,2007,Primary Transit,HAT-P-4
HAT-P-42 b,Confirmed,0.975,4.641876,0.0575,0,2012,Primary Transit,HAT-P-42
HAT-P-43 b,Confirmed,0.66,3.332688,0.0443,0,2012,Primary Transit,HAT-P-43
HAT-P-44 b,Confirmed,0.392,4.301217,0.0507,0.072,2013,Primary Transit,HAT-P-44
HAT-P-45 b,Confirmed,0.892,3.128992,0.0452,0.049,2013,Primary Transit,HAT-P-45
HAT-P-46 b,Confirmed,0.493,4.463129,0.0577,0.123,2013,Primary Transit,HAT-P-46
HAT-P-47 b,Confirmed,0.206,4.732182,0.0615,0,2016,Primary Transit,HAT-P-47
HAT-P-48 b,Confirmed,0.168,4.40865,0.0543,0,2016,Primary Transit,HAT-P-48
HAT-P-49 b,Confirmed,1.73,2.691548,0.0438,0,2014,Primary Transit,HAT-P-49
HAT-P-5 b,Confirmed,1.06,2.788491,0.04079,0,2007,Primary Transit,HAT-P-5
HAT-P-50 b,Confirmed,1.36,3.1220109,0.0453,0.115,2015,Primary Transit,HAT-P-50
HAT-P-51 b,Confirmed,0.309,4.2180278,0.05069,0.123,2015,Primary Transit,HAT-P-51
HAT-P-52 b,Confirmed,0.819,2.7535953,0.03694,0.047,2015,Primary Transit,HAT-P-52
HAT-P-53 b,Confirmed,1.487,1.9616241,0.03159,0.134,2015,Primary Transit,HAT-P-53
HAT-P-54 b,Confirmed,0.76,3.799847,0.04117,0.074,2014,Primary Transit,HAT-P-54
HAT-P-55 b,Confirmed,0.582,3.5852467,0.04604,0.139,2015,Primary Transit,HAT-P-55
HAT-P-56 b,Confirmed,2.2,2.7908327,0.0423,0.246,2015,Primary Transit,HAT-P-56
HAT-P-57 b,Confirmed,1.85,2.465295,0.0406,0,2015,Primary Transit,HAT-P-57
HAT-P-6 b,Confirmed,1.057,3.853003,0.05235,0,2007,Primary Transit,HAT-P-6
HAT-P-65 b,Confirmed,0.527,2.6054552,0.03951,0.3,2016,Primary Transit,HAT-P-65
HAT-P-66 b,Confirmed,0.783,2.972086,0.04363,0,2016,Primary Transit,HAT-P-66
HAT-P-67 b,Confirmed,0.34,4.81010205,0.06505,0.24,2017,Primary Transit,HAT-P-67
HAT-P-7 b,Confirmed,1.741,2.204735471,0.0379,0,2008,Primary Transit,HAT-P-7
HAT-P-8 b,Confirmed,1.34,3.0763402,0.0449,0,2008,Primary Transit,HAT-P-8
HAT-P-9 b,Confirmed,0.67,3.922814,0.053,0,2008,Primary Transit,HAT-P-9
HATS-1 b,Confirmed,1.855,3.446459,0.0444,0.12,2012,Primary Transit,HATS-1
HATS-10 b,Confirmed,0.526,3.312846,0.0449,0.5,2015,Primary Transit,HATS-10
HATS-11 b,Confirmed,0.85,3.6191613,0.04614,0.34,2016,Primary Transit,HATS-11
HATS-12 b,Confirmed,2.4,3.142833,0.04795,0.085,2016,Primary Transit,HATS-12
HATS-13 b,Confirmed,0.543,3.0440499,0.04057,0.18,2015,Primary Transit,HATS-13
HATS-14 b,Confirmed,1.071,2.7667641,0.03815,0.142,2015,Primary Transit,HATS-14
HATS-15 b,Confirmed,2.17,1.74748753,0.02712,0,2014,Primary Transit,HATS-15
HATS-16 b,Confirmed,3.27,2.686502,0.03744,0,2015,Primary Transit,HATS-16
HATS-17 b,Confirmed,1.338,16.254611,0.1308,0.029,2016,Primary Transit,HATS-17
HATS-18 b,Confirmed,1.98,0.8378434,0.01761,0.166,2016,Primary Transit,HATS-18
HATS-19 b,Confirmed,0.427,4.569673,0.0589,0.3,2016,Primary Transit,HATS-19
HATS-2 b,Confirmed,1.345,1.354133,0.023,0,2013,Primary Transit,HATS-2
HATS-20 b,Confirmed,0.273,3.7992969,0.04619,0.5,2016,Primary Transit,HATS-20
HATS-21 b,Confirmed,0.332,3.5543973,0.04676,0,2016,Primary Transit,HATS-21
HATS-22 b,Confirmed,2.74,4.7228124,0.05025,0.079,2016,Primary Transit,HATS-22
HATS-23 b,Confirmed,1.47,2.1605156,0.03397,0.114,2015,Primary Transit,HATS-23
HATS-24 b,Confirmed,2.44,1.3484954,0.02547,0.24,2016,Primary Transit,HATS-24
HATS-25 b,Confirmed,0.613,4.2986432,0.05163,0.088,2016,Primary Transit,HATS-25
HATS-26 b,Confirmed,0.65,3.3023881,0.04735,0.122,2016,Primary Transit,HATS-26
HATS-27 b,Confirmed,0.53,4.637038,0.0611,0.29,2016,Primary Transit,HATS-27
HATS-28 b,Confirmed,0.672,3.1810781,0.04131,0.101,2016,Primary Transit,HATS-28
HATS-29 b,Confirmed,0.653,4.6058749,0.05475,0.079,2016,Primary Transit,HATS-29
HATS-30 b,Confirmed,0.706,3.1743516,0.04354,0.048,2016,Primary Transit,HATS-30
HATS-31 b,Confirmed,0.88,3.37796,0.0478,0.233,2016,Primary Transit,HATS-31
HATS-32 b,Confirmed,0.92,2.8126548,0.04024,0.471,2016,Primary Transit,HATS-32
HATS-33 b,Confirmed,1.192,2.5495551,0.03727,0.08,2016,Primary Transit,HATS-33
HATS-34 b,Confirmed,0.941,2.1061607,0.03166,0,2016,Primary Transit,HATS-34
HATS-35 b,Confirmed,1.222,1.8209933,0.03199,0,2016,Primary Transit,HATS-35
HATS-4 b,Confirmed,1.323,2.516729,0.0362,0.013,2014,Primary Transit,HATS-4
HATS-43 b,Confirmed,0.261,4.3888497,0.04944,0.173,2017,Primary Transit,HATS-43
HATS-44 b,Confirmed,0.56,2.7439004,0.03649,0.279,2017,Primary Transit,HATS-44
HATS-45 b,Confirmed,0.7,4.1876244,0.05511,0.24,2017,Primary Transit,HATS-45
HATS-46 b,Confirmed,0.173,4.7423729,0.05367,0.559,2017,Primary Transit,HATS-46
HATS-5 b,Confirmed,0.237,4.763387,0.0542,0.019,2014,Primary Transit,HATS-5
HATS-50 b,Confirmed,0.39,3.8297015,0.05046,0.516,2017,Primary Transit,HATS-50
HATS-51 b,Confirmed,0.768,3.3488702,0.04639,0.33,2017,Primary Transit,HATS-51
HATS-52 b,Confirmed,2.24,1.3665436,0.02498,0.246,2017,Primary Transit,HATS-52
HATS-53 b,Confirmed,0.595,3.8537768,0.04753,0.33,2017,Primary Transit,HATS-53
HATS-7 b,Confirmed,0.12,3.185315,0.04012,0,2015,Primary Transit,HATS-7
HATS-8 b,Confirmed,0.138,3.583893,0.04667,0.38,2015,Primary Transit,HATS-8
HATS-9 b,Confirmed,0.839,1.9153073,0.03048,0.129,2015,Primary Transit,HATS-9
HD 100655 b,Confirmed,1.7,157.57,0.76,0.085,2011,Radial Velocity,HD 100655
HD 100777 b,Confirmed,1.16,383.7,1.03,0.36,2007,Radial Velocity,HD 100777
HD 10180 c,Confirmed,0.041217,5.75979,0.0641,0.045,2010,Radial Velocity,HD 10180
HD 10180 d,Confirmed,0.03696945,16.3579,0.1286,0.088,2010,Radial Velocity,HD 10180
HD 10180 e,Confirmed,0.07897304,49.745,0.2699,0.026,2010,Radial Velocity,HD 10180
HD 10180 f,Confirmed,0.07519743,122.76,0.4929,0.135,2010,Radial Velocity,HD 10180
HD 10180 g,Confirmed,0.06733159,601.2,1.422,0.19,2010,Radial Velocity,HD 10180
HD 10180 h,Confirmed,0.202624,2222,3.4,0.08,2010,Radial Velocity,HD 10180
HD 101930 b,Confirmed,0.3,70.46,0.302,0.11,2005,Radial Velocity,HD 101930
HD 102117 b,Confirmed,0.172,20.67,0.1532,0.106,2004,Radial Velocity,HD 102117
HD 102195 b,Confirmed,0.45,4.113775,0.049,0,2005,Radial Velocity,HD 102195
HD 102272 b,Confirmed,5.9,127.58,0.614,0.05,2008,Radial Velocity,HD 102272
HD 102272 c,Confirmed,2.6,520,1.57,0.68,2008,Radial Velocity,HD 102272
HD 102329 b,Confirmed,5.9,778.1,2.01,0.211,2011,Radial Velocity,HD 102329
HD 102365 b,Confirmed,0.05,122.1,0.46,0.34,2011,Radial Velocity,HD 102365
HD 102956 b,Confirmed,0.96,6.495,0.081,0.048,2010,Radial Velocity,HD 102956
HD 103197 b,Confirmed,0.098,47.84,0.249,0,2009,Radial Velocity,HD 103197
HD 103720 b,Confirmed,0.62,4.5557,0.0498,0.086,2014,Radial Velocity,HD 103720
HD 103774 b,Confirmed,0.367,5.8881,0.07,0.09,2013,Radial Velocity,HD 103774
HD 104067 b,Confirmed,0.186,55.806,0.2643,0,2009,Radial Velocity,HD 104067
HD 10442 b,Confirmed,2.1,1043,2.335,0.11,2014,Primary Transit,HD 10442
HD 104985 b,Confirmed,8.3,199.505,0.95,0.09,2003,Radial Velocity,HD 104985
HD 106252 b,Confirmed,32.9,1600,2.7,0.47,2002,Radial Velocity,HD 106252
HD 106270 b,Confirmed,11,2890,4.3,0.402,2011,Radial Velocity,HD 106270
HD 106315 b,Confirmed,0.0396,9.5521,0.09012,0.3,2017,Primary Transit,HD 106315
HD 106315 c,Confirmed,0.0478,21.0576,0.1526,0.23,2017,Primary Transit,HD 106315
HD 10647 b,Confirmed,0.93,1003,2.03,0.1,2003,Radial Velocity,HD 10647
HD 106515 A b,Confirmed,9.61,3630,4.59,0.572,2011,Radial Velocity,HD 106515 A
HD 10697 b,Confirmed,6.83,1076.4,2.16,0.1,2000,Radial Velocity,HD 10697
HD 107148 b,Confirmed,0.21,48.056,0.269,0.05,2006,Radial Velocity,HD 107148
HD 108147 b,Confirmed,0.261,10.8985,0.102,0.53,2002,Radial Velocity,HD 108147
HD 108341 b,Confirmed,3.5,1129,2,0.85,2014,Radial Velocity,HD 108341
HD 108863 b,Confirmed,2.6,443.4,1.4,0.1,2011,Radial Velocity,HD 108863
HD 108874 b,Confirmed,1.36,395.4,1.051,0.07,2003,Radial Velocity,HD 108874
HD 108874 c,Confirmed,1.018,1605.8,2.68,0.25,2005,Radial Velocity,HD 108874
HD 109246 b,Confirmed,0.77,68.27,0.33,0.12,2010,Radial Velocity,HD 109246
HD 109271 b,Confirmed,0.054,7.8543,0.079,0.25,2013,Radial Velocity,HD 109271
HD 109271 c,Confirmed,0.076,30.93,0.196,0.15,2013,Radial Velocity,HD 109271
HD 109749 b,Confirmed,0.28,5.23921,0.0635,0.0451,2005,Radial Velocity,HD 109749
HD 110014 b,Confirmed,10.7,882.6,2.31,0.26,2009,Radial Velocity,HD 110014
HD 110014 c,Confirmed,3.1,130,0.64,0.44,2015,Radial Velocity,HD 110014
HD 111232 b,Confirmed,6.8,1143,1.97,0.2,2004,Radial Velocity,HD 111232
HD 111591 b,Confirmed,4.4,1056.4,2.5,0.26,2017,Radial Velocity,HD 111591
HD 113337 b,Confirmed,2.83,324,0.92,0.46,2013,Radial Velocity,HD 113337
HD 113538 b,Confirmed,0.36,663.2,1.24,0.14,2010,Radial Velocity,HD 113538
HD 113538 c,Confirmed,0.93,1818,2.44,0.2,2010,Radial Velocity,HD 113538
HD 113996 b,Confirmed,6.3,610.2,1.6,0.28,2017,Radial Velocity,HD 113996
HD 114386 b,Confirmed,1.24,937,1.02,0.23,2003,Radial Velocity,HD 114386
HD 114613 b,Confirmed,0.48,3827,5.16,0.25,2014,Radial Velocity,HD 114613
HD 114729 b,Confirmed,0.84,1135,2.08,0.32,2002,Radial Velocity,HD 114729
HD 114762 b,Confirmed,10.98,83.9151,0.353,0.3354,1989,Radial Velocity,HD 114762
HD 114783 b,Confirmed,6.3,493.7,1.16,0.144,2001,Radial Velocity,HD 114783
HD 11506 b,Confirmed,3.44,1270,2.43,0.22,2007,Radial Velocity,HD 11506
HD 11506 c,Confirmed,0.82,170.46,0.639,0.42,2009,Radial Velocity,HD 11506
HD 116029 b,Confirmed,2.1,670.2,1.73,0.21,2011,Radial Velocity,HD 116029
HD 117207 b,Confirmed,2.06,2627.08,3.78,0.16,2004,Radial Velocity,HD 117207
HD 11755 b,Confirmed,6.5,433.7,1.08,0.19,2015,Radial Velocity,HD 11755
HD 117618 b,Confirmed,0.178,25.827,0.176,0.42,2004,Radial Velocity,HD 117618
HD 117618 c,Confirmed,0.2,318,0.93,0,2013,Radial Velocity,HD 117618
HD 118203 b,Confirmed,2.14,6.13322,0.07,0.2943,2005,Radial Velocity,HD 118203
HD 119445 b,Confirmed,37.6,410.2,1.71,0.082,2009,Radial Velocity,HD 119445
HD 11964 b,Confirmed,0.622,1945,3.16,0.041,2005,Radial Velocity,HD 11964
HD 11964 c,Confirmed,0.079,37.91,0.229,0.3,2005,Radial Velocity,HD 11964
HD 11977 b,Confirmed,6.29,711,1.89,0.4,2005,Radial Velocity,HD 11977
HD 120084 b,Confirmed,4.5,2082,4.3,0.66,2013,Radial Velocity,HD 120084
HD 121504 b,Confirmed,1.22,63.33,0.33,0.03,2003,Radial Velocity,HD 121504
HD 122562 b,Confirmed,24,2777,4.1,0.71,2016,Radial Velocity,HD 122562
HD 12484 b,Confirmed,2.98,58.83,0.297,0.07,2016,Radial Velocity,HD 12484
HD 125595 b,Confirmed,0.042,9.6737,0.0809,0,2009,Radial Velocity,HD 125595
HD 125612 b,Confirmed,3,502,1.37,0.46,2007,Radial Velocity,HD 125612
HD 125612 c,Confirmed,0.058,4.1547,0.05,0.27,2009,Radial Velocity,HD 125612
HD 125612 d,Confirmed,7.2,3008,4.2,0.28,2009,Radial Velocity,HD 125612
HD 12648 b,Confirmed,2.9,133.6,0.54,0.04,2015,Radial Velocity,HD 12648
HD 126525 b,Confirmed,0.224,948.12,1.8105,0.13,2011,Radial Velocity,HD 126525
HD 12661 b,Confirmed,2.3,263.6,0.83,0.377,2000,Radial Velocity,HD 12661
HD 12661 c,Confirmed,1.57,1708,2.56,0.031,2002,Radial Velocity,HD 12661
HD 126614 b,Confirmed,0.38,1244,2.35,0.41,2010,Radial Velocity,HD 126614
HD 128311 b,Confirmed,2.18,448.6,1.099,0.25,2002,Radial Velocity,HD 128311
HD 128311 c,Confirmed,4.19,919,1.76,0.17,2005,Radial Velocity,HD 128311
HD 128356 b,Confirmed,0.89,298.2,0.87,0.57,2016,Radial Velocity,HD 128356
HD 129445 b,Confirmed,1.6,1840,2.9,0.7,2010,Radial Velocity,HD 129445
HD 130322 b,Confirmed,1.05,10.72,0.088,0.044,1999,Radial Velocity,HD 130322
HD 131496 b,Confirmed,2.2,883,2.09,0.163,2011,Radial Velocity,HD 131496
HD 13189 b,Confirmed,14,471.6,1.85,0.27,2005,Radial Velocity,HD 13189
HD 132406 b,Confirmed,5.61,974,1.98,0.34,2007,Radial Velocity,HD 132406
HD 132563 B b,Confirmed,1.49,1544,2.62,0.22,2011,Radial Velocity,HD 132563B
HD 133131 A b,Confirmed,1.43,649,1.44,0.32,2016,Radial Velocity,HD 133131 A
HD 133131 A c,Confirmed,0.48,3407,4.36,0.47,2016,Radial Velocity,HD 133131 A
HD 134060 b,Confirmed,0.0351,3.27,0.0444,0.4,2011,Radial Velocity,HD 134060
HD 134060 c,Confirmed,0.1507,1160.9,2.2263,0.75,2011,Radial Velocity,HD 134060
HD 134113 b,Confirmed,47,201.68,0.638,0.0891,2016,Radial Velocity,HD 134113
HD 134606 b,Confirmed,0.0292,12.083,0.1023,0.15,2011,Radial Velocity,HD 134606
HD 134606 c,Confirmed,0.0382,59.519,0.2962,0.29,2011,Radial Velocity,HD 134606
HD 134606 d,Confirmed,0.121,459.26,1.1567,0.46,2011,Radial Velocity,HD 134606
HD 134987 b,Confirmed,1.59,258.19,0.81,0.233,1999,Radial Velocity,HD 134987
HD 134987 c,Confirmed,0.82,5000,5.8,0.12,2009,Radial Velocity,HD 134987
HD 136352 b,Confirmed,0.0166,11.577,0.0933,0.18,2011,Radial Velocity,HD 136352
HD 136352 c,Confirmed,0.0358,27.582,0.1665,0.16,2011,Radial Velocity,HD 136352
HD 136352 d,Confirmed,0.03,106.72,0.411,0.43,2011,Radial Velocity,HD 136352
HD 136418 b,Confirmed,2,464.3,1.32,0.255,2010,Radial Velocity,HD 136418
HD 137388 b,Confirmed,0.223,330,0.89,0.36,2011,Radial Velocity,HD 137388
HD 13808 b,Confirmed,0.0325,14.182,0.1017,0.17,2011,Radial Velocity,HD 13808
HD 13808 c,Confirmed,0.036,53.832,0.2476,0.43,2011,Radial Velocity,HD 13808
HD 13908 b,Confirmed,0.865,19.382,0.154,0.046,2013,Radial Velocity,HD 13908
HD 13908 c,Confirmed,5.13,931,2.03,0.12,2013,Radial Velocity,HD 13908
HD 13931 b,Confirmed,1.88,4218,5.15,0.02,2010,Radial Velocity,HD 13931
HD 139357 b,Confirmed,9.76,1125.7,2.36,0.1,2009,Radial Velocity,HD 139357
HD 14067 b,Confirmed,7.8,1455,3.4,0.533,2014,Radial Velocity,HD 14067
HD 141399 b,Confirmed,0.451,94.44,0.415,0.04,2014,Radial Velocity,HD 141399
HD 141399 c,Confirmed,1.33,201.99,0.689,0.048,2014,Radial Velocity,HD 141399
HD 141399 d,Confirmed,1.18,1069.8,2.09,0.074,2014,Radial Velocity,HD 141399
HD 141399 e,Confirmed,0.66,5000,5,0.26,2014,Radial Velocity,HD 141399
HD 141937 b,Confirmed,9.7,653.22,1.52,0.41,2002,Radial Velocity,HD 141937
HD 142 b,Confirmed,1.25,349.7,1.02,0.17,2001,Radial Velocity,HD 142
HD 142 c,Confirmed,5.3,6005,6.8,0.21,2012,Radial Velocity,HD 142
HD 142022 A b,Confirmed,29,1928,3.03,0.53,2005,Radial Velocity,HD 142022 A
HD 142245 b,Confirmed,1.9,1299,2.77,0.32,2011,Radial Velocity,HD 142245
HD 142415 b,Confirmed,1.62,386.3,1.05,0.5,2003,Radial Velocity,HD 142415
HD 143105 b,Confirmed,1.21,2.1974,0.0379,0.07,2016,Radial Velocity,HD 143105
HD 143361 b,Confirmed,3.12,1057,2,0.15,2008,Radial Velocity,HD 143361
HD 143761 b,Confirmed,1.045,39.8458,0.2196,0.037,2016,Radial Velocity,HD 143761
HD 143761 c,Confirmed,0.079,102.54,0.4123,0.05,2016,Radial Velocity,HD 143761
HD 145377 b,Confirmed,5.76,103.95,0.45,0.307,2008,Radial Velocity,HD 145377
HD 145457 b,Confirmed,2.9,176.3,0.76,0.112,2010,Radial Velocity,HD 145457
HD 145934 b,Confirmed,2.28,2730,4.6,0.053,2015,Radial Velocity,HD 145934
HD 1461 b,Confirmed,0.0203,5.77152,0.0634,0,2009,Radial Velocity,HD 1461
HD 1461 c,Confirmed,0.0176,13.5052,0.1117,0,2011,Radial Velocity,HD 1461
HD 147018 b,Confirmed,2.12,44.236,0.2388,0.4686,2009,Radial Velocity,HD 147018
HD 147018 c,Confirmed,6.56,1008,1.922,0.133,2009,Radial Velocity,HD 147018
HD 147379 b,Confirmed,0.0777,86.54,0.3193,0.01,2017,Radial Velocity,HD 147379
HD 147513 b,Confirmed,1.21,528.4,1.32,0.26,2003,Radial Velocity,HD 147513
HD 147873 b,Confirmed,5.14,116.596,0.522,0.207,2016,Radial Velocity,HD 147873
HD 147873 c,Confirmed,2.3,491.54,1.36,0.23,2016,Radial Velocity,HD 147873
HD 148156 b,Confirmed,0.85,1010,2.45,0.52,2009,Radial Velocity,HD 148156
HD 148427 b,Confirmed,0.96,331.5,0.93,0.16,2009,Radial Velocity,HD 148427
HD 149026 b,Confirmed,0.357,2.8758916,0.04288,0,2005,Primary Transit,HD 149026
HD 149143 b,Confirmed,1.33,4.07206,0.052,0.0123,2005,Radial Velocity,HD 149143
HD 1502 b,Confirmed,3.1,431.8,1.31,0.101,2011,Radial Velocity,HD 1502
HD 150433 b,Confirmed,0.168,1096.2,1.9303,0,2011,Radial Velocity,HD 150433
HD 150706 b,Confirmed,2.71,5894,6.7,0.38,2002,Radial Velocity,HD 150706
HD 152079 b,Confirmed,3,2097,3.2,0.6,2010,Radial Velocity,HD 152079
HD 152581 b,Confirmed,1.5,689,1.48,0.22,2011,Radial Velocity,HD 152581
HD 153950 b,Confirmed,2.73,499.4,1.28,0.34,2008,Radial Velocity,HD 153950
HD 154088 b,Confirmed,0.0193,18.596,0.1316,0.38,2011,Radial Velocity,HD 154088
HD 154345 b,Confirmed,1.3,3538,4.3,0.26,2006,Radial Velocity,HD 154345
HD 154672 b,Confirmed,5.02,163.91,0.6,0.61,2008,Radial Velocity,HD 154672
HD 154857 b,Confirmed,2.24,408.6,1.291,0.46,2004,Radial Velocity,HD 154857
HD 154857 c,Confirmed,2.58,3452,5.36,0.06,2014,Radial Velocity,HD 154857
HD 155233 b,Confirmed,2.6,818.8,2,0.04,2015,Radial Velocity,HD 155233
HD 155358 b,Confirmed,0.85,194.3,0.64,0.17,2007,Radial Velocity,HD 155358
HD 155358 c,Confirmed,0.82,391.9,1.02,0.16,2007,Radial Velocity,HD 155358
HD 156279 b,Confirmed,9.71,131.05,0.495,0.708,2011,Radial Velocity,HD 156279
HD 156411 b,Confirmed,0.74,842.2,1.88,0.22,2009,Radial Velocity,HD 156411
HD 156668 b,Confirmed,0.0131,4.646,0.05,0,2010,Radial Velocity,HD 156668
HD 157172 b,Confirmed,0.12,104.84,0.416,0.46,2011,Radial Velocity,HD 157172
HD 158038 b,Confirmed,1.8,521,1.52,0.291,2011,Radial Velocity,HD 158038
HD 159243 b,Confirmed,1.13,12.62,0.11,0.02,2013,Radial Velocity,HD 159243
HD 159243 c,Confirmed,1.9,248.4,0.8,0.075,2013,Radial Velocity,HD 159243
HD 159868 b,Confirmed,2.1,1178.4,2.25,0.01,2007,Radial Velocity,HD 159868
HD 159868 c,Confirmed,0.73,352.3,1,0.15,2012,Radial Velocity,HD 159868
HD 1605 b,Confirmed,0.96,577.9,1.48,0.078,2015,Radial Velocity,HD 1605
HD 1605 c,Confirmed,3.48,2111,3.52,0.098,2015,Radial Velocity,HD 1605
HD 160508 b,Confirmed,48,178.9049,0.68,0.5967,2016,Radial Velocity,HD 160508
HD 16141 b,Confirmed,0.215,75.82,0.35,0.28,2000,Radial Velocity,HD 16141
HD 16175 b,Confirmed,4.77,995.4,2.148,0.637,2007,Radial Velocity,HD 16175
HD 162004 b,Confirmed,1.53,3117,4.43,0.4,2015,Radial Velocity,HD 162004
HD 162020 b,Confirmed,14.4,8.428198,0.074,0.277,2002,Radial Velocity,HD 162020
HD 163607 b,Confirmed,0.77,75.229,0.36,0.73,2011,Radial Velocity,HD 163607
HD 163607 c,Confirmed,2.29,1314,2.42,0.12,2011,Radial Velocity,HD 163607
HD 16417 b,Confirmed,0.069,17.24,0.14,0.2,2009,Radial Velocity,HD 16417
HD 164509 b,Confirmed,0.48,282.4,0.875,0.26,2011,Radial Velocity,HD 164509
HD 164595 b,Confirmed,0.0516,40,0.23,0.088,2015,Radial Velocity,HD 164595
HD 164604 b,Confirmed,2.7,606.4,1.13,0.24,2010,Radial Velocity,HD 164604
HD 164922 b,Confirmed,0.3385,1201.1,2.115,0.126,2006,Radial Velocity,HD 164922
HD 164922 c,Confirmed,0.0406,75.765,0.3351,0.22,2016,Radial Velocity,HD 164922
HD 165155 b,Confirmed,2.89,434.5,1.13,0.2,2016,Radial Velocity,HD 165155
HD 1666 b,Confirmed,6.43,270,0.94,0.63,2015,Radial Velocity,HD 1666
HD 166724 b,Confirmed,3.53,8100,5.42,0.734,2011,Radial Velocity,HD 166724
HD 167042 b,Confirmed,1.6,416.1,1.3,0.03,2007,Radial Velocity,HD 167042
HD 168443 b,Confirmed,7.659,58.11247,0.2931,0.52883,1998,Radial Velocity,HD 168443
HD 168443 c,Confirmed,29.463,1749.83,2.8373,0.2113,2001,Radial Velocity,HD 168443
HD 168746 b,Confirmed,0.23,6.403,0.065,0.081,2002,Radial Velocity,HD 168746
HD 1690 b,Confirmed,6.1,533,1.3,0.64,2010,Radial Velocity,HD 1690
HD 169830 b,Confirmed,2.88,225.62,0.81,0.31,2000,Radial Velocity,HD 169830
HD 169830 c,Confirmed,4.04,2102,3.6,0.33,2003,Radial Velocity,HD 169830
HD 170469 b,Confirmed,0.67,1145,2.24,0.11,2007,Radial Velocity,HD 170469
HD 17092 b,Confirmed,4.6,359.9,1.29,0.166,2007,Radial Velocity,HD 17092
HD 171028 b,Confirmed,1.98,550,1.32,0.59,2007,Radial Velocity,HD 171028
HD 171238 b,Confirmed,2.6,1523,2.54,0.4,2009,Radial Velocity,HD 171238
HD 17156 b,Confirmed,3.195,21.2163979,0.1623,0.6768,2007,Primary Transit,HD 17156
HD 173416 b,Confirmed,2.7,323.6,1.16,0.21,2009,Radial Velocity,HD 173416
HD 175167 b,Confirmed,7.8,1290,2.4,0.54,2010,Radial Velocity,HD 175167
HD 175370 b,Confirmed,4.6,349.5,0.98,0.22,2016,Radial Velocity,HD 175370
HD 175541 b,Confirmed,0.61,297.3,1.03,0.33,2007,Radial Velocity,HD 175541
HD 176051 b,Confirmed,1.5,1016,1.76,0,2010,Astrometry,HD 176051
HD 17674 b,Confirmed,0.87,623.8,1.42,0,2017,Radial Velocity,HD 17674
HD 176986 b,Confirmed,0.0181,6.4898,0.06296,0.066,2017,Radial Velocity,HD 176986
HD 176986 c,Confirmed,0.0289,16.8191,0.11878,0.111,2017,Radial Velocity,HD 176986
HD 177830 b,Confirmed,1.49,406.6,1.2218,0.0009,1999,Radial Velocity,HD 177830
HD 177830 c,Confirmed,0.15,110.9,0.5137,0.3495,2010,Radial Velocity,HD 177830
HD 178911 B b,Confirmed,6.292,71.487,0.32,0.1243,2001,Radial Velocity,HD 178911 B
HD 179079 b,Confirmed,0.08,14.476,0.11,0.115,2009,Radial Velocity,HD 179079
HD 179949 b,Confirmed,0.92,3.0925,0.045,0.0104,2000,Radial Velocity,HD 179949
HD 180314 b,Confirmed,22,396.03,1.4,0.257,2010,Radial Velocity,HD 180314
HD 180777 b,Confirmed,25,28.44,0.22,0.2,2006,Radial Velocity,HD 180777
HD 180902 b,Confirmed,1.6,479,1.39,0.09,2010,Radial Velocity,HD 180902
HD 181342 b,Confirmed,2.9,562,1.65,0.1,2010,Radial Velocity,HD 181342
HD 181433 b,Confirmed,0.0238,9.3743,0.08,0.396,2008,Radial Velocity,HD 181433
HD 181433 c,Confirmed,0.64,962,1.76,0.28,2008,Radial Velocity,HD 181433
HD 181433 d,Confirmed,0.54,2172,3,0.48,2008,Radial Velocity,HD 181433
HD 181720 b,Confirmed,12,956,1.78,0.26,2009,Radial Velocity,HD 181720
HD 183263 b,Confirmed,3.67,626.5,1.51,0.357,2004,Radial Velocity,HD 183263
HD 183263 c,Confirmed,3.82,2950,4.25,0.253,2008,Radial Velocity,HD 183263
HD 185269 b,Confirmed,0.94,6.838,0.077,0.3,2006,Radial Velocity,HD 185269
HD 187085 b,Confirmed,0.75,986,2.05,0.47,2006,Radial Velocity,HD 187085
HD 187123 b,Confirmed,0.52,3.0965828,0.0426,0.01,1998,Radial Velocity,HD 187123
HD 187123 c,Confirmed,1.99,3810,4.89,0.252,1998,Radial Velocity,HD 187123
HD 18742 b,Confirmed,2.7,772,1.92,0.23,2011,Radial Velocity,HD 18742
HD 188015 b,Confirmed,1.26,456.46,1.19,0.15,2004,Radial Velocity,HD 188015
HD 189567 b,Confirmed,0.0316,14.275,0.1099,0.23,2011,Radial Velocity,HD 189567
HD 189733 b,Confirmed,1.142,2.21857312,0.03142,0.0041,2005,Primary Transit,HD 189733
HD 190228 b,Confirmed,65.7,1146,2,0.5,2002,Radial Velocity,HD 190228
HD 190360 b,Confirmed,1.495,2867.9,3.92,0.343,2003,Radial Velocity,HD 190360
HD 190360 c,Confirmed,0.06381,17.1186,0.128,0.107,2005,Radial Velocity,HD 190360
HD 190647 b,Confirmed,1.9,1038.1,2.07,0.18,2007,Radial Velocity,HD 190647
HD 190984 b,Confirmed,3.1,4885,5.5,0.57,2009,Radial Velocity,HD 190984
HD 191806 b,Confirmed,8.52,1606.3,2.8,0.259,2016,Radial Velocity,HD 191806
HD 192263 b,Confirmed,0.733,24.3587,0.15312,0.008,1999,Radial Velocity,HD 192263
HD 192699 b,Confirmed,2.5,351.5,1.16,0.149,2007,Radial Velocity,HD 192699
HD 195019 b,Confirmed,3.7,18.20163,0.1388,0.014,1998,Radial Velocity,HD 195019
HD 196050 b,Confirmed,2.83,1316.24,2.47,0.21,2002,Radial Velocity,HD 196050
HD 196067 b,Confirmed,6.9,3638,5.02,0.66,2011,Radial Velocity,HD 196067
HD 196885 A b,Confirmed,2.98,1326,2.6,0.48,2007,Radial Velocity,HD 196885 A
HD 197037 b,Confirmed,0.79,1035.7,2.07,0.22,2012,Radial Velocity,HD 197037
HD 19994 b,Confirmed,1.68,535.7,1.42,0.3,2003,Radial Velocity,HD 19994
HD 20003 b,Confirmed,0.0378,11.849,0.0974,0.4,2011,Radial Velocity,HD 20003
HD 20003 c,Confirmed,0.0422,33.823,0.1961,0.16,2011,Radial Velocity,HD 20003
HD 200964 b,Confirmed,1.85,613.8,1.601,0.04,2010,Radial Velocity,HD 200964
HD 200964 c,Confirmed,0.895,825,1.95,0.181,2010,Radial Velocity,HD 200964
HD 202206 B,Confirmed,93.6,256.33,0.83,0.432,2002,Radial Velocity,HD 202206
HD 202206 c,Confirmed,17.9,1260,2.41,0.22,2004,Radial Velocity,HD 202206
HD 20367 b,Confirmed,1.07,500,1.25,0.23,2002,Radial Velocity,HD 20367
HD 2039 b,Confirmed,6.11,1120,2.23,0.67,2002,Radial Velocity,HD 2039
HD 204313 b,Confirmed,4.28,2024.1,3.167,0.0946,2009,Radial Velocity,HD 204313
HD 204313 c,Confirmed,0.0553,34.905,0.2099,0.155,2011,Radial Velocity,HD 204313
HD 204313 d,Confirmed,1.68,2831.6,3.93,0.28,2012,Radial Velocity,HD 204313
HD 204941 b,Confirmed,0.266,1733,2.56,0.37,2011,Radial Velocity,HD 204941
HD 205739 b,Confirmed,1.37,279.8,0.896,0.27,2008,Radial Velocity,HD 205739
HD 206610 b,Confirmed,2.2,610,1.68,0.229,2010,Radial Velocity,HD 206610
HD 20781 b,Confirmed,0.0379,29.15,0.169,0.11,2011,Radial Velocity,HD 20781
HD 20781 c,Confirmed,0.0496,85.131,0.3456,0.28,2011,Radial Velocity,HD 20781
HD 20782 b,Confirmed,1.9,591.9,1.381,0.97,2006,Radial Velocity,HD 20782
HD 207832 b,Confirmed,0.56,161.97,0.57,0.13,2012,Radial Velocity,HD 207832
HD 207832 c,Confirmed,0.73,1155.7,2.112,0.27,2012,Radial Velocity,HD 207832
HD 20794 b,Confirmed,0.00887,18.33,0.127,0.27,2011,Radial Velocity,HD 20794
HD 20794 d,Confirmed,0.0111,88.9,0.364,0.25,2011,Radial Velocity,HD 20794
HD 20794 e,Confirmed,0.015,147.02,0.509,0.29,2017,Radial Velocity,HD 20794
HD 208487 b,Confirmed,0.413,129.8,0.51,0.21,2004,Radial Velocity,HD 208487
HD 208527 b,Confirmed,9.9,875.5,2.1,0.08,2012,Radial Velocity,HD 208527
HD 20868 b,Confirmed,1.99,380.85,0.947,0.75,2008,Radial Velocity,HD 20868
HD 208897 b,Confirmed,1.4,352.7,1.05,0.07,2017,Radial Velocity,HD 208897
HD 209458 b,Confirmed,0.69,3.52472,0.04747,0.0082,1999,Primary Transit,HD 209458
HD 210277 b,Confirmed,1.23,442.1,1.1,0.472,1998,Radial Velocity,HD 210277
HD 210702 b,Confirmed,1.9,354.8,1.2,0.152,2007,Radial Velocity,HD 210702
HD 211847 b,Confirmed,19.2,7930,7.5,0.685,2011,Radial Velocity,HD 211847
HD 212301 b,Confirmed,0.4,2.245715,0.036,0.0147,2005,Radial Velocity,HD 212301
HD 212771 b,Confirmed,2.3,373.3,1.22,0.111,2010,Radial Velocity,HD 212771
HD 213240 b,Confirmed,4.5,951,2.03,0.45,2001,Radial Velocity,HD 213240
HD 214823 b,Confirmed,19.2,1877,3.18,0.154,2016,Radial Velocity,HD 214823
HD 215152 b,Confirmed,0.00628,5.75942,0.057635,0.357,2018,Radial Velocity,HD 215152
HD 215152 c,Confirmed,0.004801,7.28345,0.067399,0.163,2011,Radial Velocity,HD 215152
HD 215152 d,Confirmed,0.008511,10.8642,0.08799,0.333,2011,Radial Velocity,HD 215152
HD 215152 e,Confirmed,0.01091,25.1968,0.15417,0.173,2018,Radial Velocity,HD 215152
HD 215456 b,Confirmed,0.101,191.99,0.652,0.15,2011,Radial Velocity,HD 215456
HD 215456 c,Confirmed,0.246,2277,3.394,0.19,2011,Radial Velocity,HD 215456
HD 215497 b,Confirmed,0.02,3.93404,0.047,0.16,2009,Radial Velocity,HD 215497
HD 215497 c,Confirmed,0.33,567.94,1.282,0.49,2009,Radial Velocity,HD 215497
HD 216435 b,Confirmed,1.26,1311,2.56,0.07,2002,Radial Velocity,HD 216435
HD 216437 b,Confirmed,1.82,1256,2.32,0.29,2002,Radial Velocity,HD 216437
HD 216536 b,Confirmed,1.47,148.6,0.609,0.38,2015,Radial Velocity,HD 216536
HD 216770 b,Confirmed,0.65,118.45,0.46,0.37,2003,Radial Velocity,HD 216770
HD 21693 b,Confirmed,0.0322,22.656,0.1484,0.26,2011,Radial Velocity,HD 21693
HD 21693 c,Confirmed,0.06472,53.881,0.2644,0.24,2011,Radial Velocity,HD 21693
HD 217107 b,Confirmed,1.33,7.12689,0.073,0.132,1998,Radial Velocity,HD 217107
HD 217107 c,Confirmed,2.49,4210,5.27,0.517,1998,Radial Velocity,HD 217107
HD 217786 b,Confirmed,13,1319,2.38,0.4,2010,Radial Velocity,HD 217786
HD 218566 b,Confirmed,0.21,225.7,0.6873,0.3,2010,Radial Velocity,HD 218566
HD 219077 b,Confirmed,10.39,5501,6.22,0.77,2012,Radial Velocity,HD 219077
HD 219134 b,Confirmed,0.012,3.0931,0.038474,0,2015,Primary Transit,HD 219134
HD 219134 c,Confirmed,0.011,6.7635,0.064816,0,2015,Radial Velocity,HD 219134
HD 219134 d,Confirmed,0.067,46.71,0.23508,0,2015,Radial Velocity,HD 219134
HD 219134 e,Confirmed,0.2,1190,2.56,0.34,2015,Radial Velocity,HD 219134
HD 219134 g,Confirmed,0.034,94.2,0.3753,0,2015,Radial Velocity,HD 219134
HD 219134 h,Confirmed,0.28,2198,3.064,0.37,2015,Radial Velocity,HD 219134
HD 219828 b,Confirmed,0.0661,3.834887,0.045,0.059,2007,Radial Velocity,HD 219828
HD 219828 c,Confirmed,15.1,4791,5.96,0.8118,2016,Radial Velocity,HD 219828
HD 220074 b,Confirmed,11.1,672.1,1.6,0.14,2012,Radial Velocity,HD 220074
HD 220689 b,Confirmed,1.06,2209,3.36,0.16,2011,Radial Velocity,HD 220689
HD 220773 b,Confirmed,1.45,3724.7,4.94,0.51,2012,Radial Velocity,HD 220773
HD 220842 b,Confirmed,3.18,218.47,0.74,0.404,2016,Radial Velocity,HD 220842
HD 221287 b,Confirmed,3.09,456.1,1.25,0.08,2007,Radial Velocity,HD 221287
HD 221585 b,Confirmed,1.61,1173,2.306,0.123,2016,Radial Velocity,HD 221585
HD 222076 b,Confirmed,1.56,871,1.83,0.08,2016,Radial Velocity,HD 222076
HD 222155 b,Confirmed,1.9,3999,5.1,0.16,2012,Radial Velocity,HD 222155
HD 222582 b,Confirmed,7.75,572.38,1.35,0.725,1999,Radial Velocity,HD 222582
HD 224538 b,Confirmed,5.97,1189.1,2.28,0.464,2016,Radial Velocity,HD 224538
HD 224693 b,Confirmed,0.71,26.73,0.233,0.05,2006,Radial Velocity,HD 224693
HD 22781 b,Confirmed,13.65,528.07,1.167,0.8191,2011,Radial Velocity,HD 22781
HD 23079 b,Confirmed,2.45,730.6,1.596,0.102,2001,Radial Velocity,HD 23079
HD 23127 b,Confirmed,1.5,1214,2.4,0.44,2007,Radial Velocity,HD 23127
HD 231701 b,Confirmed,1.08,141.89,0.53,0.096,2007,Radial Velocity,HD 231701
HD 233604 b,Confirmed,6.575,192,0.747,0.05,2013,Radial Velocity,HD 233604
HD 23596 b,Confirmed,8.1,1565,2.88,0.292,2002,Radial Velocity,HD 23596
HD 238914 b,Confirmed,6,4100,5.7,0.56,2018,Radial Velocity,HD 238914
HD 240210 b,Confirmed,6.9,501.75,1.33,0.15,2009,Radial Velocity,HD 240210
HD 240237 b,Confirmed,5.3,745.7,1.9,0.4,2010,Radial Velocity,HD 240237
HD 24040 b,Confirmed,4.01,3668,4.92,0.04,2006,Radial Velocity,HD 24040
HD 24064 b,Confirmed,9.4,555.6,1.29,0.35,2015,Radial Velocity,HD 24064
HD 25171 b,Confirmed,0.95,1845,3.02,0.08,2010,Radial Velocity,HD 25171
HD 2638 b,Confirmed,0.48,3.43752,0.044,0.0407,2005,Radial Velocity,HD 2638
HD 27442 b,Confirmed,1.35,415.2,1.16,0.058,2000,Radial Velocity,HD 27442
HD 27631 b,Confirmed,1.45,2208,3.25,0.12,2011,Radial Velocity,HD 27631
HD 27894 b,Confirmed,0.665,18.02,0.125,0.047,2005,Radial Velocity,HD 27894
HD 27894 c,Confirmed,0.162,36.07,0.198,0.015,2017,Radial Velocity,HD 27894
HD 27894 d,Confirmed,5.415,5174,5.448,0.389,2017,Radial Velocity,HD 27894
HD 28185 b,Confirmed,5.7,383,1.03,0.07,2001,Radial Velocity,HD 28185
HD 28254 b,Confirmed,1.16,1116,2.15,0.81,2009,Radial Velocity,HD 28254
HD 283668 b,Confirmed,53.4,2558,3.3,0.577,2016,Radial Velocity,HD 283668
HD 285507 b,Confirmed,0.917,6.0881,0.0729,0.086,2013,Radial Velocity,HD 285507
HD 28678 b,Confirmed,1.7,387.1,1.24,0.168,2011,Radial Velocity,HD 28678
HD 29021 b,Confirmed,2.4,1362.3,2.28,0.459,2017,Radial Velocity,HD 29021
HD 290327 b,Confirmed,2.54,2443,3.43,0.08,2009,Radial Velocity,HD 290327
HD 2952 b,Confirmed,1.6,311.6,1.2,0.129,2013,Radial Velocity,HD 2952
HD 30177 b,Confirmed,8.07,2532.5,3.58,0.18,2002,Radial Velocity,HD 30177
HD 30177 c,Confirmed,3,6921,6.99,0.35,2016,Radial Velocity,HD 30177
HD 30562 b,Confirmed,1.29,1157,2.3,0.76,2009,Radial Velocity,HD 30562
HD 30669 b,Confirmed,0.47,1684,2.69,0.18,2014,Radial Velocity,HD 30669
HD 30856 b,Confirmed,1.8,912,2,0.24,2011,Radial Velocity,HD 30856
HD 31253 b,Confirmed,0.5,466,1.26,0.3,2010,Radial Velocity,HD 31253
HD 31527 b,Confirmed,0.0363,16.546,0.1253,0.13,2011,Radial Velocity,HD 31527
HD 31527 c,Confirmed,0.0498,51.284,0.2665,0.11,2011,Radial Velocity,HD 31527
HD 31527 d,Confirmed,0.0519,274.49,0.8181,0.38,2011,Radial Velocity,HD 31527
HD 3167 c,Confirmed,0.0308,29.8454,0.1795,0.267,2016,Primary Transit,HD 3167
HD 3167 d,Confirmed,0.0217,8.492,0.07757,0.36,2017,Radial Velocity,HD 3167
HD 32518 b,Confirmed,3.04,157.54,0.59,0.01,2009,Radial Velocity,HD 32518
HD 32963 b,Confirmed,0.7,2372,3.41,0.07,2015,Radial Velocity,HD 32963
HD 330075 b,Confirmed,0.62,3.6413,0.039,0.0187,2004,Radial Velocity,HD 330075
HD 33142 b,Confirmed,1.3,326.6,1.06,0.22,2011,Radial Velocity,HD 33142
HD 33283 b,Confirmed,0.33,18.1801,0.168,0.458,2006,Radial Velocity,HD 33283
HD 33564 b,Confirmed,9.1,388,1.1,0.34,2005,Radial Velocity,HD 33564
HD 33844 b,Confirmed,1.96,551.4,1.6,0.15,2013,Radial Velocity,HD 33844
HD 33844 c,Confirmed,1.75,916,2.24,0.13,2015,Radial Velocity,HD 33844
HD 34445 b,Confirmed,0.629,1056.7,2.075,0.014,2004,Radial Velocity,HD 34445
HD 34445 c,Confirmed,0.168,214.67,0.7181,0.036,2017,Radial Velocity,HD 34445
HD 34445 d,Confirmed,0.097,117.87,0.4817,0.027,2017,Radial Velocity,HD 34445
HD 34445 e,Confirmed,0.0529,49.175,0.2687,0.09,2017,Radial Velocity,HD 34445
HD 34445 f,Confirmed,0.119,676.8,1.543,0.031,2017,Radial Velocity,HD 34445
HD 34445 g,Confirmed,0.38,5700,6.36,0.032,2017,Radial Velocity,HD 34445
HD 35759 b,Confirmed,3.76,82.467,0.389,0.389,2016,Radial Velocity,HD 35759
HD 3651 b,Confirmed,0.231,62.218,0.295,0.596,2003,Radial Velocity,HD 3651
HD 3651 c,Confirmed,0.09,31,0.186,0.04,2013,Radial Velocity,HD 3651
HD 37124 b,Confirmed,0.675,154.378,0.53364,0.054,1999,Radial Velocity,HD 37124
HD 37124 c,Confirmed,0.652,885.5,1.71,0.125,2005,Radial Velocity,HD 37124
HD 37124 d,Confirmed,0.696,1862,2.807,0.16,2003,Radial Velocity,HD 37124
HD 37605 b,Confirmed,2.813,55.01307,0.2837,0.6767,2004,Radial Velocity,HD 37605
HD 37605 c,Confirmed,3.366,2720,3.814,0.013,2012,Radial Velocity,HD 37605
HD 38283 b,Confirmed,0.34,363.2,1.02,0.41,2011,Radial Velocity,HD 38283
HD 38529 b,Confirmed,0.93,14.3104,0.131,0.248,2000,Radial Velocity,HD 38529
HD 38529 c,Confirmed,23.7,2134.76,3.695,0.36,2002,Radial Velocity,HD 38529
HD 38801 b,Confirmed,10.7,696.3,1.7,0,2010,Radial Velocity,HD 38801
HD 38858 b,Confirmed,0.0961,407.15,1.0376,0.27,2011,Radial Velocity,HD 38858
HD 39091 b,Confirmed,10.3,2049,3.28,0.61,2001,Radial Velocity,HD 39091
HD 39194 b,Confirmed,0.0117,5.6363,0.0519,0.2,2011,Radial Velocity,HD 39194
HD 39194 c,Confirmed,0.0187,14.025,0.0954,0.11,2011,Radial Velocity,HD 39194
HD 39194 d,Confirmed,0.0162,33.941,0.172,0.2,2011,Radial Velocity,HD 39194
HD 39392 b,Confirmed,13.2,394.3,1.08,0.394,2016,Radial Velocity,HD 39392
HD 40307 b,Confirmed,0.012,4.3115,0.0475,0.2,2008,Radial Velocity,HD 40307
HD 40307 c,Confirmed,0.0202,9.6207,0.0812,0.06,2008,Radial Velocity,HD 40307
HD 40307 d,Confirmed,0.0275,20.4184,0.134,0.07,2008,Radial Velocity,HD 40307
HD 40307 e,Confirmed,0.011,34.62,0.1886,0.15,2012,Radial Velocity,HD 40307
HD 40307 f,Confirmed,0.0114,51.56,0.2485,0.02,2012,Radial Velocity,HD 40307
HD 40307 g,Confirmed,0.0223,197.8,0.6,0.29,2012,Radial Velocity,HD 40307
HD 40956 b,Confirmed,2.7,578.6,1.4,0.24,2017,Radial Velocity,HD 40956
HD 40979 b,Confirmed,4.01,264.1,0.846,0.252,2002,Radial Velocity,HD 40979
HD 41004 A b,Confirmed,2.54,963,1.64,0.39,2004,Radial Velocity,HD 41004 A
HD 41004 B b,Confirmed,18.4,1.32363,0.0177,0.058,2004,Radial Velocity,HD 41004 B
HD 4113 b,Confirmed,1.56,526.62,1.28,0.903,2007,Radial Velocity,HD 4113
HD 41248 c,Confirmed,0.0223,13.365,0.107,0.0117,2013,Other,HD 41248
HD 42012 b,Confirmed,1.6,857.5,1.67,0,2017,Radial Velocity,HD 42012
HD 4203 b,Confirmed,1.82,437.05,1.164,0.52,2001,Radial Velocity,HD 4203
HD 4208 b,Confirmed,0.804,828,1.65,0.052,2001,Radial Velocity,HD 4208
HD 42618 b,Confirmed,0.0453,149.61,0.554,0.19,2016,Radial Velocity,HD 42618
HD 4308 b,Confirmed,0.0405,15.609,0.118,0.27,2005,Radial Velocity,HD 4308
HD 4313 b,Confirmed,2.3,356,1.19,0.041,2010,Radial Velocity,HD 4313
HD 43197 b,Confirmed,0.6,327.8,0.92,0.83,2009,Radial Velocity,HD 43197
HD 43691 b,Confirmed,2.49,36.96,0.24,0.14,2007,Radial Velocity,HD 43691
HD 44219 b,Confirmed,0.58,472.3,1.19,0.61,2009,Radial Velocity,HD 44219
HD 45184 b,Confirmed,0.04,5.8872,0.0638,0.3,2011,Radial Velocity,HD 45184
HD 45350 b,Confirmed,1.79,890.76,1.92,0.778,2004,Radial Velocity,HD 45350
HD 45364 b,Confirmed,0.1872,226.93,0.6813,0.1684,2009,Radial Velocity,HD 45364
HD 45364 c,Confirmed,0.6579,342.85,0.8972,0.0974,2009,Radial Velocity,HD 45364
HD 45652 b,Confirmed,0.47,43.6,0.23,0.38,2008,Radial Velocity,HD 45652
HD 46375 b,Confirmed,0.23,3.02358,0.041,0.0524,2000,Radial Velocity,HD 46375
HD 47186 b,Confirmed,0.07167,4.0845,0.05,0.038,2008,Radial Velocity,HD 47186
HD 47186 c,Confirmed,0.35061,1353.6,2.395,0.249,2008,Radial Velocity,HD 47186
HD 4732 b,Confirmed,2.37,360.2,1.19,0.13,2013,Radial Velocity,HD 4732
HD 4732 c,Confirmed,2.37,2732,4.6,0.23,2013,Radial Velocity,HD 4732
HD 47366 b,Confirmed,1.75,363.3,1.214,0.089,2016,Radial Velocity,HD 47366
HD 47366 c,Confirmed,1.86,684.7,1.853,0.278,2016,Radial Velocity,HD 47366
HD 4747 b,Confirmed,60.2,13835.67,16.4,0.74,2016,Radial Velocity,HD 4747
HD 47536 b,Confirmed,5,430,1.61,0.2,2003,Radial Velocity,HD 47536
HD 48265 b,Confirmed,1.16,700,1.51,0.18,2008,Radial Velocity,HD 48265
HD 49674 b,Confirmed,0.1,4.94739,0.058,0.0495,2002,Radial Velocity,HD 49674
HD 50499 b,Confirmed,1.71,2482.7,3.86,0.23,2005,Radial Velocity,HD 50499
HD 50554 b,Confirmed,5.16,1293,2.41,0.5,2002,Radial Velocity,HD 50554
HD 51608 b,Confirmed,0.0413,14.07,0.1059,0.15,2011,Radial Velocity,HD 51608
HD 51608 c,Confirmed,0.0565,95.415,0.3791,0.41,2011,Radial Velocity,HD 51608
HD 52265 b,Confirmed,1.05,119.6,0.5,0.35,2000,Radial Velocity,HD 52265
HD 52265 c,Confirmed,0.35,59.9,0.316,0.05,2013,Radial Velocity,HD 52265
HD 5319 b,Confirmed,1.94,675,1.75,0.12,2007,Radial Velocity,HD 5319
HD 5319 c,Confirmed,1.15,886,2.071,0.15,2016,Radial Velocity,HD 5319
HD 5583 b,Confirmed,5.78,139.35,0.53,0.076,2016,Radial Velocity,HD 5583
HD 564 b,Confirmed,0.33,492.3,1.2,0.096,2014,Radial Velocity,HD 564
HD 5891 b,Confirmed,7.6,177.11,0.76,0.066,2011,Radial Velocity,HD 5891
HD 59686 A b,Confirmed,6.92,299.36,1.086,0.05,2003,Radial Velocity,HD 59686 A
HD 60532 b,Confirmed,9.21,201.83,0.77,0.278,2008,Radial Velocity,HD 60532
HD 60532 c,Confirmed,21.8,607.06,1.58,0.038,2008,Radial Velocity,HD 60532
HD 62509 b,Confirmed,2.9,589.64,1.69,0.02,2006,Radial Velocity,HD 62509
HD 63454 b,Confirmed,0.39,2.81747,0.036,0.0177,2005,Radial Velocity,HD 63454
HD 63765 b,Confirmed,0.64,358,0.949,0.24,2009,Radial Velocity,HD 63765
HD 6434 b,Confirmed,0.39,21.998,0.14,0.17,2000,Radial Velocity,HD 6434
HD 65216 b,Confirmed,1.26,572.4,1.3,0.41,2003,Radial Velocity,HD 65216
HD 65216 c,Confirmed,0.17,152.6,0.54,0.02,2011,Radial Velocity,HD 65216
HD 66141 b,Confirmed,6,480.5,1.2,0.07,2012,Radial Velocity,HD 66141
HD 66428 b,Confirmed,2.82,1973,3.18,0.465,2006,Radial Velocity,HD 66428
HD 67087 b,Confirmed,3.06,352.2,1.08,0.17,2015,Radial Velocity,HD 67087
HD 67087 c,Confirmed,4.85,2374,3.86,0.76,2015,Radial Velocity,HD 67087
HD 6718 b,Confirmed,1.56,2496,3.56,0.1,2009,Radial Velocity,HD 6718
HD 68402 b,Confirmed,3.07,1103,2.18,0.03,2016,Radial Velocity,HD 68402
HD 68988 b,Confirmed,1.86,6.2771,0.0704,0.1249,2001,Radial Velocity,HD 68988
HD 69830 b,Confirmed,0.143,8.667,0.0785,0.1,2006,Radial Velocity,HD 69830
HD 69830 c,Confirmed,0.165,31.56,0.186,0.13,2006,Radial Velocity,HD 69830
HD 69830 d,Confirmed,0.253,197,0.63,0.07,2006,Radial Velocity,HD 69830
HD 70642 b,Confirmed,2,2231,3.3,0.1,2003,Radial Velocity,HD 70642
HD 7199 b,Confirmed,0.29,615,1.36,0.19,2011,Radial Velocity,HD 7199
HD 72659 b,Confirmed,3.15,3658,4.74,0.22,2002,Radial Velocity,HD 72659
HD 72892 b,Confirmed,5.45,39.475,0.228,0.423,2016,Radial Velocity,HD 72892
HD 73256 b,Confirmed,1.87,2.54858,0.037,0.029,2003,Radial Velocity,HD 73256
HD 73267 b,Confirmed,3.06,1260,2.198,0.256,2008,Radial Velocity,HD 73267
HD 73526 b,Confirmed,2.25,188.9,0.65,0.29,2002,Radial Velocity,HD 73526
HD 73526 c,Confirmed,2.25,379.1,1.03,0.28,2006,Radial Velocity,HD 73526
HD 73534 b,Confirmed,1.15,1800,3.15,0.046,2009,Radial Velocity,HD 73534
HD 74156 b,Confirmed,1.778,51.6385,0.2916,0.638,2003,Radial Velocity,HD 74156
HD 74156 c,Confirmed,7.997,2448.9,3.82,0.3829,2003,Radial Velocity,HD 74156
HD 7449 b,Confirmed,1.11,1275,2.3,0.82,2011,Radial Velocity,HD 7449
HD 7449 c,Confirmed,2,4046,4.96,0.53,2011,Radial Velocity,HD 7449
HD 75289 b,Confirmed,0.47,3.50928,0.046,0.0211,1999,Radial Velocity,HD 75289
HD 75784 b,Confirmed,1.15,341.7,1.073,0.13,2014,Primary Transit,HD 75784
HD 75784 c,Confirmed,5.6,5040,6.5,0.36,2015,Primary Transit,HD 75784
HD 75898 b,Confirmed,2.51,418.2,1.19,0.1,2007,Radial Velocity,HD 75898
HD 76700 b,Confirmed,0.23,3.97101,0.049,0.0616,2002,Radial Velocity,HD 76700
HD 76920 b,Confirmed,3.93,415.4,1.149,0.856,2017,Radial Velocity,HD 76920
HD 77065 b,Confirmed,41,119.1135,0.438,0.69397,2016,Radial Velocity,HD 77065
HD 7924 b,Confirmed,0.0273,5.39792,0.05664,0.058,2009,Radial Velocity,HD 7924
HD 7924 c,Confirmed,0.0247,15.299,0.1134,0.098,2015,Radial Velocity,HD 7924
HD 7924 d,Confirmed,0.0203,24.451,0.1551,0.21,2015,Radial Velocity,HD 7924
HD 79498 b,Confirmed,1.34,1966,3.13,0.59,2012,Radial Velocity,HD 79498
HD 80606 b,Confirmed,3.94,111.43637,0.449,0.93366,2001,Primary Transit,HD 80606
HD 81040 b,Confirmed,6.86,1001.7,1.94,0.526,2005,Radial Velocity,HD 81040
HD 81688 b,Confirmed,1.77,184.02,0.66,0,2008,Radial Velocity,HD 81688
HD 82886 b,Confirmed,1.3,705,1.65,0.27,2011,Radial Velocity,HD 82886
HD 82943 b,Confirmed,14,442.4,1.19,0.203,2003,Radial Velocity,HD 82943
HD 82943 c,Confirmed,14.4,219.3,0.746,0.425,2003,Radial Velocity,HD 82943
HD 82943 d,Confirmed,0.29,1078,2.145,0,2013,Radial Velocity,HD 82943
HD 83443 b,Confirmed,0.4,2.98572,0.0406,0.007,2002,Radial Velocity,HD 83443
HD 8535 b,Confirmed,0.68,1313,2.45,0.15,2009,Radial Velocity,HD 8535
HD 85390 b,Confirmed,0.132,788,1.52,0.41,2009,Radial Velocity,HD 85390
HD 85390 c,Confirmed,0.2,3700,4.23,0,2013,Radial Velocity,HD 85390
HD 85512 b,Confirmed,0.011,58.43,0.26,0.11,2011,Radial Velocity,HD 85512
HD 8574 b,Confirmed,2.11,227.55,0.77,0.288,2003,Radial Velocity,HD 8574
HD 86081 b,Confirmed,1.5,1.99809,0.039,0.0575,2006,Radial Velocity,HD 86081
HD 86226 b,Confirmed,1.5,1534,2.6,0.73,2010,Radial Velocity,HD 86226
HD 86264 b,Confirmed,7,1475,2.86,0.7,2009,Radial Velocity,HD 86264
HD 8673 b,Confirmed,14.2,1634,3.02,0.723,2010,Radial Velocity,HD 8673
HD 86950 b,Confirmed,3.6,1270,2.72,0.17,2016,Radial Velocity,HD 86950
HD 87646 A b,Confirmed,12.4,13.481,0.117,0.05,2016,Radial Velocity,HD 87646 A
HD 87646 A c,Confirmed,57,674,1.58,0.5,2016,Radial Velocity,HD 87646 A
HD 87883 b,Confirmed,81.9,2754,3.6,0.53,2009,Radial Velocity,HD 87883
HD 88133 b,Confirmed,0.3,3.41566,0.047,0.0761,2004,Radial Velocity,HD 88133
HD 89307 b,Confirmed,2,2199,3.34,0.25,2004,Radial Velocity,HD 89307
HD 89744 b,Confirmed,8.9,256,0.88,0.7,2000,Radial Velocity,HD 89744
HD 89744 c,Confirmed,3.2,85.2,0.44,0,2013,Radial Velocity,HD 89744
HD 90156 b,Confirmed,0.057,49.77,0.25,0.31,2009,Radial Velocity,HD 90156
HD 9174 b,Confirmed,1.11,1179,2.2,0.12,2016,Radial Velocity,HD 9174
HD 92788 b,Confirmed,27.7,325.81,0.97,0.334,2000,Radial Velocity,HD 92788
HD 92788 c,Confirmed,0.9,162,0.6,0.04,2013,Radial Velocity,HD 92788
HD 93083 b,Confirmed,0.37,143.58,0.477,0.14,2005,Radial Velocity,HD 93083
HD 93385 b,Confirmed,0.0263,13.186,0.1116,0.15,2011,Radial Velocity,HD 93385
HD 93385 c,Confirmed,0.0318,46.025,0.257,0.24,2011,Radial Velocity,HD 93385
HD 9446 b,Confirmed,0.7,30.052,0.189,0.2,2010,Radial Velocity,HD 9446
HD 9446 c,Confirmed,1.82,192.9,0.654,0.06,2010,Radial Velocity,HD 9446
HD 95089 b,Confirmed,1.2,507,1.51,0.157,2010,Radial Velocity,HD 95089
HD 95127 b,Confirmed,5.01,482,1.28,0.11,2015,Radial Velocity,HD 95127
HD 95872 b,Confirmed,4.6,4375,5.2,0.06,2015,Radial Velocity,HD 95872
HD 96063 b,Confirmed,0.9,361.1,0.99,0.28,2011,Radial Velocity,HD 96063
HD 96127 b,Confirmed,4,647.3,1.4,0.3,2011,Radial Velocity,HD 96127
HD 96167 b,Confirmed,0.68,498.9,1.3,0.71,2009,Radial Velocity,HD 96167
HD 96700 b,Confirmed,0.0284,8.1256,0.0774,0.1,2011,Radial Velocity,HD 96700
HD 96700 c,Confirmed,0.04,103.49,0.422,0.37,2011,Radial Velocity,HD 96700
HD 97658 b,Confirmed,0.023754837,9.4903,0.08,0.078,2010,Primary Transit,HD 97658
HD 98219 b,Confirmed,1.8,436.9,1.23,0.21,2011,Radial Velocity,HD 98219
HD 98649 b,Confirmed,6.8,4951,5.6,0.85,2011,Radial Velocity,HD 98649
HD 99109 b,Confirmed,0.502,439.3,1.105,0.09,2006,Radial Velocity,HD 99109
HD 99492 b,Confirmed,0.079,17.054,0.123,0.07,2004,Radial Velocity,HD 99492
HD 99706 b,Confirmed,1.4,868,2.14,0.365,2011,Radial Velocity,HD 99706
HIP 105854 b,Confirmed,8.2,184.2,0.81,0.02,2014,Radial Velocity,HIP 105854
HIP 107773 b,Confirmed,1.98,144.3,0.72,0.09,2015,Radial Velocity,HIP 107773
HIP 109384 b,Confirmed,1.56,499.48,1.134,0.549,2016,Radial Velocity,HIP 109384
HIP 109600 b,Confirmed,2.68,232.08,0.706,0.163,2016,Radial Velocity,HIP 109600
HIP 116454 b,Confirmed,0.0372,9.1265,0.098,0.205,2014,Primary Transit,HIP 116454
HIP 11915,Confirmed,0.99,3830,4.8,0.1,2015,Radial Velocity,HIP 11915
HIP 12961 b,Confirmed,0.35,57.435,0.13,0.16,2009,Radial Velocity,HIP 12961
HIP 14810 b,Confirmed,3.88,6.673855,0.0692,0.1427,2006,Radial Velocity,HIP 14810
HIP 14810 c,Confirmed,1.28,147.73,0.545,0.164,2006,Radial Velocity,HIP 14810
HIP 14810 d,Confirmed,0.57,962,1.89,0.173,2009,Radial Velocity,HIP 14810
HIP 5158 b,Confirmed,1.44,345.63,0.89,0.54,2009,Radial Velocity,HIP 5158
HIP 5158 c,Confirmed,15.04,9018,7.7,0.14,2010,Radial Velocity,HIP 5158
HIP 57050 b,Confirmed,0.298,41.397,0.163506,0.314,2010,Radial Velocity,HIP 57050
HIP 57274 b,Confirmed,0.036,8.1352,0.07,0.187,2011,Radial Velocity,HIP 57274
HIP 57274 c,Confirmed,0.41,32.03,0.178,0.05,2011,Radial Velocity,HIP 57274
HIP 57274 d,Confirmed,0.527,431.7,1.01,0.27,2011,Radial Velocity,HIP 57274
HIP 63242 b,Confirmed,9.18,124.6,0.565,0.23,2013,Radial Velocity,HIP 63242
HIP 65407 b,Confirmed,0.428,28.125,0.177,0.14,2016,Radial Velocity,HIP 65407
HIP 65407 c,Confirmed,0.784,67.3,0.316,0.12,2016,Radial Velocity,HIP 65407
HIP 65891 b,Confirmed,6,1084.5,2.81,0.13,2015,Radial Velocity,HIP 65891
HIP 67537 b,Confirmed,11.1,2592.5,4.96,0.59,2016,Radial Velocity,HIP 67537
HIP 67851 b,Confirmed,1.38,88.9,0.46,0.05,2014,Radial Velocity,HIP 67851
HIP 67851 c,Confirmed,5.98,2131.8,3.82,0.17,2015,Radial Velocity,HIP 67851
HIP 68468 b,Confirmed,0.011,1.8372,0.029743,0.41,2016,Radial Velocity,HIP 68468
HIP 68468 c,Confirmed,0.094,194,0.665,0.04,2016,Radial Velocity,HIP 68468
HIP 70849 b,Confirmed,9,10000,10,0.6,2009,Radial Velocity,HIP 70849
HIP 74890 b,Confirmed,2.4,822.3,2.1,0.07,2016,Radial Velocity,HIP 74890
HIP 75458 b,Confirmed,9.39,510.72,1.275,0.713,2002,Radial Velocity,HIP 75458
HIP 79431 b,Confirmed,2.1,111.7,0.36,0.29,2010,Radial Velocity,HIP 79431
HIP 8541 b,Confirmed,5.59,1560,2.8,0.16,2016,Radial Velocity,HIP 8541
HIP 91258 b,Confirmed,1.068,5.0505,0.057,0.024,2013,Radial Velocity,HIP 91258
HIP 97233 b,Confirmed,20,1058.8,2.55,0.61,2014,Radial Velocity,HIP 97233
HR 810 b,Confirmed,2.26,320.1,0.925,0.161,1999,Radial Velocity,HR 810
HR 8799 b,Confirmed,7,164250,68,0,2008,Imaging,HR 8799
HR 8799 c,Confirmed,10,82145,42.9,0,2008,Imaging,HR 8799
HR 8799 d,Confirmed,10,41054,27,0.1,2008,Imaging,HR 8799
HU Aqr (AB) c,Confirmed,5.9,5646,6.18,0.29,2011,Pulsar,HU Aqr (AB)
HW Vir (AB) b,Confirmed,14.3,4640,4.69,0.4,2008,Pulsar,HW Vir (AB)
K2-106 b,Confirmed,0.0263,0.571292,0.0116,0,2016,Primary Transit,EPIC 220674823
K2-106 c,Confirmed,0.018,13.3397,0.105,0.18,2016,Primary Transit,EPIC 220674823
K2-108 b,Confirmed,0.187,4.73401,0.0573,0.18,2016,Primary Transit,K2-108
K2-110 b,Confirmed,0.0525,13.86375,0.1021,0.079,2017,Primary Transit,K2-110
K2-139 b,Confirmed,0.381,28.38229,0.1811,0,2017,Primary Transit,K2-139
K2-18 b,Confirmed,0.025,32.93963,0.143,0.43,2015,Primary Transit,K2-18
K2-18 c,Confirmed,0.0236,8.962,0.06,0.47,2017,Radial Velocity,K2-18
K2-19 b,Confirmed,0.187,7.9194,0.077,0.119,2015,Primary Transit,K2-19
K2-19 c,Confirmed,0.031,11.90715,0.1032,0.095,2015,Primary Transit,K2-19
K2-29 b,Confirmed,0.73,3.2588321,0.04217,0.066,2016,Primary Transit,EPIC 211089792
K2-3  b,Confirmed,0.026,10.05449,0.0775,0.06,2015,Primary Transit,K2-3
K2-3 c,Confirmed,0.0066,24.64354,0.1405,0.04,2015,Primary Transit,K2-3
K2-3 d,Confirmed,0.0349,44.5598,0.2086,0.045,2015,Primary Transit,K2-3
K2-30 b,Confirmed,0.624,4.098507,0.04986,0.027,2016,Primary Transit,K2-30
K2-32 b,Confirmed,0.0519,8.99218,0.0808,0.21,2015,Primary Transit,EPIC 205071984
K2-33 b,Confirmed,3.6,5.42513,0.0409,0,2016,Primary Transit,EPIC 205117205
K2-34 b,Confirmed,1.78,2.995607,0.04419,0,2016,Primary Transit,K2-34
K2-39 b,Confirmed,0.125,4.60543,0.062,0.152,2016,Primary Transit,K2-39
K2-95 b,Confirmed,1.67,10.134588,0.0653,0.16,2016,Primary Transit,EPIC 211916756
K2-99 b,Confirmed,0.97,18.249,0.159,0.19,2016,Primary Transit,EPIC 212803289
KELT-1 b,Confirmed,27.38,1.217514,0.02472,0.01,2012,Primary Transit,KELT-1
KELT-11 b,Confirmed,0.195,4.736529,0.06229,0,2016,Primary Transit,KELT-11
KELT-18 b,Confirmed,1.18,2.8717518,0.0455,0,2017,Primary Transit,KELT-18
KELT-2 A b,Confirmed,1.486,4.1137914,0.05498,0.185,2012,Primary Transit,KELT-2 A
KELT-3 b,Confirmed,1.418,2.7033902,0.04117,0,2012,Primary Transit,KELT-3
KELT-4 A b,Confirmed,0.884,2.9895933,0.04321,0.03,2013,Radial Velocity,KELT-4 A
KELT-6 b,Confirmed,0.442,7.845582,0.08,0.029,2013,Primary Transit,KELT-6
KELT-6 c,Confirmed,3.71,1276,2.39,0.21,2015,Radial Velocity,KELT-6
KELT-8 b,Confirmed,0.874,3.24406,0.04571,0.035,2015,Primary Transit,KELT-8
KIC 7917485 b,Confirmed,11.8,840,2.03,0.15,2016,Other,KIC 7917485
KOI-1299 c,Confirmed,2.63,411,1.188,0.64,2014,Radial Velocity,Kepler-432
KOI-188 b,Confirmed,0.25,3.79701816,0.0464,0.33,2014,Primary Transit,KOI-188
KOI-192 b,Confirmed,0.29,10.290994,0.091,0.57,2014,Primary Transit,KOI-192
KOI-195 b,Confirmed,0.34,3.21751883,0.0414,0.18,2014,Primary Transit,KOI-195
KOI-415 b,Confirmed,62.14,166.78805,0.593,0.698,2013,Primary Transit,KOI-415
KOI-620.02,Confirmed,0.023912154,130.194,0.509,0.008,2014,TTV,Kepler-51
KOI-830 b,Confirmed,1.27,3.52563254,0.0433,0.22,2014,Primary Transit,KOI-830
Kapteyn's b,Confirmed,0.015102413,48.616,0.168,0.21,2014,Radial Velocity,Kapteyn's
Kapteyn's c,Confirmed,0.022024353,121.54,0.311,0.23,2014,Radial Velocity,Kapteyn's
Kepler-10 b,Confirmed,0.010477299,0.83749026,0.01685,0.06,2011,Primary Transit,Kepler-10
Kepler-10 c,Confirmed,0.054118366,45.294301,0.241,0.05,2011,Primary Transit,Kepler-10
Kepler-102 e,Confirmed,0.0281,16.14569,0.117,0,2013,Primary Transit,Kepler-102
Kepler-11 b,Confirmed,0.005978039,10.30375,0.091,0,2011,Primary Transit,Kepler-11
Kepler-11 c,Confirmed,0.009124375,13.02502,0.106,0,2011,Primary Transit,Kepler-11
Kepler-11 d,Confirmed,0.022968253,22.68719,0.159,0,2011,Primary Transit,Kepler-11
Kepler-11 e,Confirmed,0.03,31.9959,0.194,0,2011,Primary Transit,Kepler-11
Kepler-11 f,Confirmed,0.006292672,46.68876,0.25,0,2011,Primary Transit,Kepler-11
Kepler-11 g,Confirmed,0.95,118.37774,0.462,0,2011,Primary Transit,Kepler-11
Kepler-12 b,Confirmed,0.431,4.4379637,0.0556,0.01,2011,Primary Transit,Kepler-12
Kepler-138 b,Confirmed,0.00021,10.31320643,0.0746,0,2014,Primary Transit,KOI-314
Kepler-16 (AB) b,Confirmed,0.333,228.776,0.7048,0.00685,2011,Primary Transit,Kepler-16 (AB)
Kepler-1647 (AB) b,Confirmed,1.52,1107.5923,2.7205,0.0581,2015,Primary Transit,Kepler-1647 (AB)
Kepler-167 d,Confirmed,0.006,21.803855,0.1405,0,2016,Primary Transit,Kepler-167
Kepler-167 e,Confirmed,4,1071.23228,1.89,0.06,2016,Primary Transit,Kepler-167
Kepler-17 b,Confirmed,2.45,1.4857108,0.02591,0.011,2011,Primary Transit,Kepler-17
Kepler-19 b,Confirmed,0.026,9.2869944,0.085,0.12,2011,Primary Transit,Kepler-19
Kepler-197 c,Confirmed,0.017,10.349711,0.09,0.08,2014,Primary Transit,Kepler-197
Kepler-20 b,Confirmed,0.0305,3.69611525,0.0463,0.03,2011,Primary Transit,Kepler-20
Kepler-20 c,Confirmed,0.04012,10.85409089,0.0949,0.16,2011,Primary Transit,Kepler-20
Kepler-20 d,Confirmed,0.03168,77.61130017,0.3506,0.6,2011,Primary Transit,Kepler-20
Kepler-20 g,Confirmed,0.0628,34.94,0.2055,0.15,2016,Other,Kepler-20
Kepler-21 b,Confirmed,0.016,2.78578,0.0427172,0.02,2011,Primary Transit,Kepler-21
Kepler-23 b,Confirmed,0.0478,7.106995,0.075,0.06,2012,Primary Transit,Kepler-23
Kepler-23 c,Confirmed,0.189,10.742434,0.099,0.02,2012,Primary Transit,Kepler-23
Kepler-23 d,Confirmed,0.055,15.27429,0.124,0.08,2014,Primary Transit,Kepler-23
Kepler-25 b,Confirmed,0.028,6.2385369,0.068,0.05,2012,Primary Transit,Kepler-25
Kepler-25 c,Confirmed,0.045,12.7203678,0.11,0.01,2012,Primary Transit,Kepler-25
Kepler-289 b,Confirmed,0.023,34.545,0.21,0.024,2014,Primary Transit,Kepler-289
Kepler-289 c,Confirmed,0.013,66.0634,0.33,0.0115,2014,Primary Transit,Kepler-289
Kepler-289 d,Confirmed,0.415,125.8518,0.51,0.0033,2014,Primary Transit,Kepler-289
Kepler-338 b,Confirmed,0.0963,13.72699,0.117,0.04,2014,Primary Transit,Kepler-338
Kepler-34 (AB)  b,Confirmed,0.219928893,288.822,1.0896,0.182,2012,Primary Transit,Kepler-34 (AB)
Kepler-35 (AB) b,Confirmed,0.126797344,131.458,0.60347,0.042,2012,Primary Transit,Kepler-35 (AB)
Kepler-39 b,Confirmed,18,21.0874,0.155,0.121,2011,Primary Transit,Kepler-39
Kepler-4 b,Confirmed,0.082434006,3.21346,0.0456,0,2010,Primary Transit,Kepler-4
Kepler-40 b,Confirmed,2.2,6.87349,0.08,0,2010,Primary Transit,Kepler-40
Kepler-41  b,Confirmed,0.49,1.855558,0.029,0,2011,Primary Transit,Kepler-41
Kepler-412 b,Confirmed,0.939,1.720861232,0.02959,0.0038,2014,Primary Transit,Kepler-412
Kepler-413 (AB) b,Confirmed,0.210804518,66.262,0.3553,0.1181,2013,Primary Transit,Kepler-413 (AB)
Kepler-419 b,Confirmed,2.5,69.7546,0.37,0.833,2012,Primary Transit,KOI-1474
Kepler-419 c,Confirmed,7.3,675.47,1.68,0.184,2014,TTV,KOI-1474
Kepler-420 A b,Confirmed,1.45,86.647661,0.382,0.772,2014,Primary Transit,Kepler-420 A
Kepler-423 b,Confirmed,0.595,2.6843285,0.03585,0.019,2014,Primary Transit,Kepler-423
Kepler-43 b,Confirmed,3.23,3.024095,0.0449,0.025,2011,Primary Transit,Kepler-43
Kepler-432 b,Confirmed,5.41,52.501134,0.301,0.5121,2014,Primary Transit,Kepler-432
Kepler-433 b,Confirmed,2.82,5.33408384,0.059,0.119,2012,Primary Transit,Kepler-433
Kepler-434 b,Confirmed,2.86,12.877099,0.1143,0.131,2015,Primary Transit,Kepler-434
Kepler-435 b,Confirmed,0.84,8.6001536,0.0948,0.114,2012,Primary Transit,Kepler-435
Kepler-44 b,Confirmed,1.02,3.24674,0.0455,0.021,2011,Primary Transit,Kepler-44
Kepler-448 b,Confirmed,10,17.8552333,0.151,0,2015,Primary Transit,KOI-12
Kepler-45 b,Confirmed,0.505,2.455239,0.027,0.11,2011,Primary Transit,Kepler-45
Kepler-454 b,Confirmed,0.0215,10.57375339,0.0954,0,2015,Primary Transit,Kepler-454
Kepler-454 c,Confirmed,4.46,523.9,1.286,0.021,2015,Radial Velocity,Kepler-454
Kepler-46 b,Confirmed,0.885,33.60134,0.1967,0.01,2012,Primary Transit,Kepler-46
Kepler-46 c,Confirmed,0.362,57.004,0.2799,0.0145,2012,TTV,Kepler-46
Kepler-5 b,Confirmed,2.114,3.54846,0.05064,0,2010,Primary Transit,Kepler-5
Kepler-51 b,Confirmed,0.006607306,45.1555023,0.2514,0.04,2012,Primary Transit,Kepler-51
Kepler-51 c,Confirmed,0.012585344,85.3128662,0.384,0.014,2012,Primary Transit,Kepler-51
Kepler-539 b,Confirmed,0.97,125.63243,0.4988,0,2015,Primary Transit,Kepler-539
Kepler-56 b,Confirmed,0.07,10.5016,0.1028,0.04,2012,Primary Transit,Kepler-56
Kepler-56 c,Confirmed,0.569,21.40239,0.1652,0,2012,Primary Transit,Kepler-56
Kepler-56 d,Confirmed,5.61,1002,2,0.2,2013,Radial Velocity,Kepler-56
Kepler-6 b,Confirmed,0.669,3.234723,0.04567,0,2010,Primary Transit,Kepler-6
Kepler-64 (AB) b,Confirmed,0.53,138.506,0.634,0.0539,2013,Primary Transit,Kepler-64 (AB)
Kepler-65 c,Confirmed,0.084,5.8599408,0.068,0.08,2013,Primary Transit,Kepler-65
Kepler-68 b,Confirmed,0.0188,5.3987533,0.0617,0.02,2013,Primary Transit,Kepler-68
Kepler-68 c,Confirmed,0.00686,9.604979,0.09059,0.42,2013,Primary Transit,Kepler-68
Kepler-68 d,Confirmed,0.84,625,1.4,0.18,2013,Radial Velocity,Kepler-68
Kepler-7 b,Confirmed,0.433,4.885525,0.06246,0.1,2010,Primary Transit,Kepler-7
Kepler-74 b,Confirmed,0.68,7.340718,0.084,0.287,2012,Primary Transit,Kepler-74
Kepler-75 b,Confirmed,9.9,8.884924,0.08,0.569,2013,Primary Transit,Kepler-75
Kepler-77 b,Confirmed,0.43,3.5787087,0.04501,0,2013,Primary Transit,Kepler-77
Kepler-79 b,Confirmed,0.034285,13.4845,0.117,0.015,2013,Primary Transit,Kepler-79
Kepler-79 c,Confirmed,0.018558,27.4029,0.187,0.03,2013,Primary Transit,Kepler-79
Kepler-79 d,Confirmed,0.018872,52.0902,0.287,0.025,2013,Primary Transit,Kepler-79
Kepler-79 e,Confirmed,0.0129,81.0659,0.386,0.012,2013,Primary Transit,Kepler-79
Kepler-8 b,Confirmed,0.603,3.52254,0.0483,0,2010,Primary Transit,Kepler-8
Kepler-87 b,Confirmed,1.02,114.73709,0.471,0.036,2013,Primary Transit,KOI-1574
Kepler-87 c,Confirmed,0.0201,192.363,0.664,0.039,2012,Primary Transit,KOI-1574
Kepler-88 c,Confirmed,0.626869808,22.3395,0.1529,0.05628,2013,Radial Velocity,Kepler-88
Kepler-9 b,Confirmed,0.141899758,19.22418,0.143,0.0626,2010,Primary Transit,Kepler-9
Kepler-9 c,Confirmed,0.097536419,39.03106,0.229,0.0684,2010,Primary Transit,Kepler-9
Kepler-91 b,Confirmed,0.73,6.24658,0.072,0.066,2013,Primary Transit,Kepler-91
LHS 1140 b,Confirmed,0.0209,24.73712,0.0875,0.29,2017,Primary Transit,LHS 1140
MASCARA-1 b,Confirmed,3.7,2.14878,0.043,0,2017,Primary Transit,MASCARA-1
NGC 2423 3 b,Confirmed,10.6,714.3,2.1,0.21,2007,Radial Velocity,NGC 2423 3
NGC 4349 No 127 b,Confirmed,19.8,677.8,2.38,0.19,2007,Radial Velocity,NGC 4349 No 127
NGTS-1 b,Confirmed,0.812,2.647298,0.0326,0.016,2017,Primary Transit,NGTS-1
NN Ser (AB) c,Confirmed,6.91,5660,5.38,0,2010,Pulsar,NN Ser (AB)
NN Ser (AB) d,Confirmed,2.28,2830,3.39,0.2,2009,Pulsar,NN Ser (AB)
OGLE-2006-109L c,Confirmed,0.271,4931,4.5,0.15,2008,Microlensing,OGLE-2006-109L
OGLE-2016-BLG-1190L b,Confirmed,13.38,1223.6,2.17,0.42,2017,Microlensing,OGLE-2016-BLG-1190L
OGLE-TR-10 b,Confirmed,0.68,3.10129,0.04162,0,2004,Primary Transit,OGLE-TR-10
OGLE-TR-111 b,Confirmed,0.54,4.01451,0.047,0,2004,Primary Transit,OGLE-TR-111
OGLE-TR-113 b,Confirmed,1.24,1.4324772,0.0229,0,2004,Primary Transit,OGLE-TR-113
OGLE-TR-132 b,Confirmed,1.17,1.689868,0.0306,0,2004,Primary Transit,OGLE-TR-132
OGLE-TR-182 b,Confirmed,1.06,3.9791,0.051,0,2007,Primary Transit,OGLE-TR-182
OGLE-TR-211 b,Confirmed,0.75,3.67724,0.051,0,2007,Primary Transit,OGLE-TR-211
OGLE-TR-56 b,Confirmed,1.3,1.211909,0.0225,0,2002,Primary Transit,OGLE-TR-56
PSR 1257 12 b,Confirmed,7.00E-05,25.262,0.19,0,1992,Pulsar,PSR 1257 12
PSR 1257 12 c,Confirmed,0.013,66.5419,0.36,0.0186,1992,Pulsar,PSR 1257 12
PSR 1257 12 d,Confirmed,0.012,98.2114,0.46,0.0252,1992,Pulsar,PSR 1257 12
PSR 1719-14 b,Confirmed,1,0.090706293,0.0044,0.06,2011,Pulsar,PSR 1719-14
PSR B0329+54 b,Confirmed,0.0062,10139.34,10.26,0.236,2017,Pulsar,PSR B0329+54
Pr 0211 b,Confirmed,1.88,2.14609,0.03184,0.017,2012,Radial Velocity,Pr 0211
Pr 0211 c,Confirmed,7.95,5300,5.8,0.7,2016,Radial Velocity,Pr 0211
Proxima Cen b,Confirmed,0.004,11.186,0.0485,0,2016,Radial Velocity,Proxima Centauri
Qatar-1 b,Confirmed,1.33,1.42002504,0.02343,0,2010,Primary Transit,Qatar-1
Qatar-2 b,Confirmed,2.487,1.3371182,0.02149,0,2011,Primary Transit,Qatar-2
Qatar-6 b,Confirmed,0.668,3.506189,0.0423,0,2017,Primary Transit,Qatar-6
RR Cae b,Confirmed,4.2,4350,5.3,0,2012,Pulsar,RR Cae
Ross 128 b,Confirmed,0.0044,9.8658,0.0496,0.116,2017,Radial Velocity,Ross 128
TRAPPIST-1 b,Confirmed,0.0027,1.51087081,0.01111,0,2016,Primary Transit,TRAPPIST-1
TRAPPIST-1 c,Confirmed,0.00434,2.4218233,0.01521,0,2016,Primary Transit,TRAPPIST-1
TRAPPIST-1 d,Confirmed,0.0013,4.04961,0.02144,0,2016,Primary Transit,TRAPPIST-1
TRAPPIST-1 e,Confirmed,0.002,6.099615,0.02817,0,2017,Primary Transit,TRAPPIST-1
TRAPPIST-1 f,Confirmed,0.0021,9.20669,0.0371,0,2017,Primary Transit,TRAPPIST-1
TRAPPIST-1 g,Confirmed,0.00422,12.35294,0.0451,0,2017,Primary Transit,TRAPPIST-1
TYC 3318-01333-1 b,Confirmed,3.42,562,1.414,0.098,2018,Radial Velocity,TYC 3318-01333-1
TYC 4282-605-1 b,Confirmed,10.78,101.54,0.422,0.28,2017,Radial Velocity, TYC 4282-605-1
TYC+1422-614-1 b,Confirmed,2.51,198.44,0.6879,0.07,2014,Radial Velocity,TYC+1422-614-1
TYC+1422-614-1 c,Confirmed,10.1,569.2,1.3916,0.049,2014,Radial Velocity,TYC+1422-614-1
TYC-3667-1280-1 b,Confirmed,5.4,26.468,0.21,0.036,2016,Radial Velocity,TYC-3667-1280-1
TrES-1 ,Confirmed,0.761,3.0300722,0.0393,0,2004,Primary Transit,TrES-1
TrES-2 ,Confirmed,1.253,2.470613374,0.03555,0,2006,Primary Transit,TrES-2
TrES-3 ,Confirmed,1.91,1.30618608,0.0226,0,2007,Primary Transit,TrES-3
TrES-4 ,Confirmed,0.917,3.5539268,0.05084,0,2007,Primary Transit,TrES-4
UZ For (AB) d,Confirmed,7.7,1900,2.8,0.05,2011,Pulsar,UZ For (AB)
V391 Peg b,Confirmed,3.2,1170,1.7,0,2007,Pulsar,V391 Peg
V830 Tau b,Confirmed,0.77,4.93,0.057,0,2016,Radial Velocity,V830 Tau
WASP-1 b,Confirmed,0.86,2.5199464,0.0382,0,2006,Primary Transit,WASP-1
WASP-10 b,Confirmed,3.16,3.0927616,0.0371,0.057,2008,Primary Transit,WASP-10
WASP-100 b,Confirmed,2.03,2.849375,0.0457,0,2013,Primary Transit,WASP-100
WASP-101 b,Confirmed,0.5,3.585722,0.0506,0,2013,Primary Transit,WASP-101
WASP-104 b,Confirmed,1.272,1.7554137,0.02918,0,2014,Primary Transit,WASP-104
WASP-105 b,Confirmed,1.8,7.87288,0.075,0,2017,Primary Transit,WASP-105
WASP-106 b,Confirmed,1.925,9.289715,0.0917,0,2014,Primary Transit,WASP-106
WASP-107 b,Confirmed,0.12,5.72149,0.055,0,2017,Primary Transit,WASP-107
WASP-108 b,Confirmed,1.167,2.6755463,0.0397,0,2014,Primary Transit,WASP-108
WASP-109 b,Confirmed,0.91,3.3190233,0.0463,0,2014,Primary Transit,WASP-109
WASP-11-HAT-P-10 b,Confirmed,0.46,3.722469,0.0439,0,2008,Primary Transit,WASP-11-HAT-P-10
WASP-110 b,Confirmed,0.515,3.7783977,0.0457,0,2014,Primary Transit,WASP-110
WASP-111 b,Confirmed,1.85,2.310965,0.03914,0,2014,Primary Transit,WASP-111
WASP-112 b,Confirmed,0.88,3.0353992,0.0382,0,2014,Primary Transit,WASP-112
WASP-113 b,Confirmed,0.475,4.542168745,0.05885,0,2016,Primary Transit,WASP-113
WASP-114 b,Confirmed,1.769,1.5487743,0.02851,0.012,2016,Primary Transit,WASP-114
WASP-117 b,Confirmed,0.2755,10.02165,0.09459,0.302,2014,Primary Transit,WASP-117
WASP-119 b,Confirmed,1.23,2.49979,0.0363,0.058,2016,Primary Transit,WASP-119
WASP-12 b,Confirmed,1.404,1.0914222,0.02293,0,2008,Primary Transit,WASP-12
WASP-120 b,Confirmed,5.06,3.6112706,0.0522,0.059,2015,Primary Transit,WASP-120
WASP-121 b,Confirmed,1.184,1.2749255,0.02544,0,2015,Primary Transit,WASP-121
WASP-122 b,Confirmed,1.401,1.7100567,0.03107,0,2015,Primary Transit,WASP-122
WASP-123 b,Confirmed,0.92,2.977641,0.0431,0,2015,Primary Transit,WASP-123
WASP-124 b,Confirmed,0.6,3.37265,0.0499,0.017,2016,Primary Transit,WASP-124
WASP-126 b,Confirmed,0.28,3.2888,0.0449,0.18,2016,Primary Transit,WASP-126
WASP-129 b,Confirmed,1,5.748145,0.0628,0.096,2016,Primary Transit,WASP-129
WASP-13 b,Confirmed,0.485,4.353011,0.05379,0,2008,Primary Transit,WASP-13
WASP-130 b,Confirmed,1.23,11.55098,0.1012,0,2016,Primary Transit,WASP-130
WASP-131 b,Confirmed,0.27,5.322023,0.0607,0,2016,Primary Transit,WASP-131
WASP-132 b,Confirmed,0.41,7.133521,0.067,0,2016,Primary Transit,WASP-132
WASP-133 b,Confirmed,1.16,2.176423,0.0345,0.17,2016,Primary Transit,WASP-133
WASP-135 b,Confirmed,1.9,1.4013794,0.0243,0,2015,Primary Transit,WASP-135
WASP-139 b,Confirmed,0.117,5.924262,0.062,0,2016,Primary Transit,WASP-139
WASP-14 b,Confirmed,7.341,2.2437661,0.036,0.087,2008,Primary Transit,WASP-14
WASP-140 b,Confirmed,2.44,2.2359835,0.0323,0.047,2016,Primary Transit,WASP-140
WASP-141 b,Confirmed,2.69,3.310651,0.0469,0,2016,Primary Transit,WASP-141
WASP-142 b,Confirmed,0.84,2.052868,0.0347,0,2016,Primary Transit,WASP-142
WASP-15 b,Confirmed,0.542,3.7520656,0.0499,0,2008,Primary Transit,WASP-15
WASP-151 b,Confirmed,0.31,4.533471,0.055,0,2017,Primary Transit,WASP-151
WASP-153 b,Confirmed,0.39,3.332609,0.048,0,2017,Primary Transit,WASP-153
WASP-156 b,Confirmed,0.128,3.836169,0.0453,0,2017,Primary Transit,WASP-156
WASP-157 b,Confirmed,0.576,3.9516205,0.0529,0,2016,Radial Velocity,WASP-157
WASP-16 b,Confirmed,0.855,3.1186009,0.0421,0,2009,Primary Transit,WASP-16
WASP-17 b,Confirmed,0.486,3.735438,0.0515,0.028,2009,Primary Transit,WASP-17
WASP-18 b,Confirmed,10.43,0.9414518,0.02047,0.0088,2009,Primary Transit,WASP-18
WASP-19 b,Confirmed,1.114,0.78884,0.01616,0.0046,2009,Primary Transit,WASP-19
WASP-2 b,Confirmed,0.847,2.15222144,0.03138,0,2006,Primary Transit,WASP-2
WASP-20 b,Confirmed,0.313,4.8996285,0.06003,0,2011,Primary Transit,WASP-20
WASP-21 b,Confirmed,0.3,4.3225126,0.052,0,2010,Primary Transit,WASP-21
WASP-22 b,Confirmed,0.617,3.5327313,0.04698,0,2010,Primary Transit,WASP-22
WASP-23 b,Confirmed,0.884,2.9444256,0.0376,0.062,2010,Primary Transit,WASP-23
WASP-24 b,Confirmed,1.071,2.3412127,0.03651,0,2010,Primary Transit,WASP-24
WASP-25 b,Confirmed,0.58,3.76483,0.0474,0,2010,Primary Transit,WASP-25
WASP-26 b,Confirmed,1.028,2.7566004,0.03985,0,2010,Primary Transit,WASP-26
WASP-28 b,Confirmed,0.907,3.40883,0.04469,0.046,2010,Primary Transit,WASP-28
WASP-29 b,Confirmed,0.242897146,3.922727,0.0457,0.03,2010,Primary Transit,WASP-29
WASP-3 b,Confirmed,2.06,1.8468372,0.0313,0,2007,Primary Transit,WASP-3
WASP-31 b,Confirmed,0.478,3.405909,0.04657,0,2010,Primary Transit,WASP-31
WASP-32 b,Confirmed,3.6,2.71865,0.0394,0.018,2010,Primary Transit,WASP-32
WASP-33 b,Confirmed,2.1,1.21986967,0.02558,0,2010,Primary Transit,WASP-33
WASP-34 b,Confirmed,0.59,4.3176782,0.0524,0.038,2010,Primary Transit,WASP-34
WASP-35 b,Confirmed,0.72,3.161575,0.04317,0,2011,Primary Transit,WASP-35
WASP-36 b,Confirmed,2.279,1.5373653,0.02624,0,2010,Primary Transit,WASP-36
WASP-37 b,Confirmed,1.8,3.577471,0.04339,0,2010,Primary Transit,WASP-37
WASP-38 b,Confirmed,2.712,6.871815,0.07551,0.0321,2010,Primary Transit,WASP-38
WASP-39 b,Confirmed,0.28,4.055259,0.0486,0,2011,Primary Transit,WASP-39
WASP-4 b,Confirmed,1.237,1.33823187,0.02312,0,2007,Primary Transit,WASP-4
WASP-41 b,Confirmed,0.94,3.052404,0.04,0.026,2010,Primary Transit,WASP-41
WASP-41 c,Confirmed,3.18,421,1.07,0.294,2015,Radial Velocity,WASP-41
WASP-42 b,Confirmed,0.5,4.9816872,0.0458,0.06,2011,Primary Transit,WASP-42
WASP-43 b,Confirmed,2.052,0.81347753,0.01526,0.0035,2011,Primary Transit,WASP-43
WASP-44 b,Confirmed,0.889,2.4238039,0.03473,0,2011,Primary Transit,WASP-44
WASP-45 b,Confirmed,1.007,3.1260876,0.04054,0,2011,Primary Transit,WASP-45
WASP-46 b,Confirmed,2.101,1.43037,0.02448,0,2011,Primary Transit,WASP-46
WASP-47 b,Confirmed,1.13,4.15912,0.052,0.0028,2011,Primary Transit,WASP-47
WASP-47 c,Confirmed,1.31,596,1.41,0.28,2015,Radial Velocity,WASP-47
WASP-47 d,Confirmed,0.0428,9.0304,0.088,0.007,2015,"Primary Transit, TTV",WASP-47
WASP-47 e,Confirmed,0.029,0.78961,0.0173,0.03,2015,"Primary Transit, TTV",WASP-47
WASP-48 b,Confirmed,0.98,2.143634,0.03444,0,2011,Primary Transit,WASP-48
WASP-5 b,Confirmed,1.637,1.6284246,0.02729,0,2007,Primary Transit,WASP-5
WASP-50 b,Confirmed,1.437,1.9550959,0.02913,0.009,2011,Primary Transit,WASP-50
WASP-52 b,Confirmed,0.46,1.7497798,0.0272,0,2011,Primary Transit,WASP-52
WASP-53 b,Confirmed,2.132,3.3098443,0.04101,0,2011,Radial Velocity,WASP-53
WASP-53 c,Confirmed,16.35,2840,3.73,0.8369,2016,Radial Velocity,WASP-53
WASP-55 b,Confirmed,0.57,4.465633,0.0533,0,2011,Primary Transit,WASP-55
WASP-58 b,Confirmed,0.89,5.01718,0.0561,0,2011,Primary Transit,WASP-58
WASP-6 b,Confirmed,0.503,3.361006,0.0421,0.054,2008,Primary Transit,WASP-6
WASP-61 b,Confirmed,2.06,3.8559,0.0514,0,2011,Primary Transit,WASP-61
WASP-62 b,Confirmed,0.57,4.411953,0.0567,0,2011,Primary Transit,WASP-62
WASP-63 b,Confirmed,0.38,4.37809,0.0574,0,2011,Primary Transit,WASP-63
WASP-66 b,Confirmed,2.32,4.086052,0.0546,0,2011,Primary Transit,WASP-66
WASP-67 b,Confirmed,0.42,4.61442,0.0517,0,2011,Primary Transit,WASP-67
WASP-68 b,Confirmed,0.95,5.084298,0.06206,0,2011,Primary Transit,WASP-68
WASP-69 b,Confirmed,0.26,3.8681382,0.04525,0,2011,Primary Transit,WASP-69
WASP-7 b,Confirmed,0.96,4.9546416,0.0617,0,2008,Primary Transit,WASP-7
WASP-70 A b,Confirmed,0.59,3.7130203,0.04853,0,2011,Primary Transit,WASP-70 A
WASP-71 b,Confirmed,2.258,2.9036747,0.04631,0,2012,Primary Transit,WASP-71
WASP-73 b,Confirmed,1.88,4.08722,0.05512,0,2013,Primary Transit,WASP-73
WASP-74 b,Confirmed,0.97,2.13775,0.037,0,2014,Primary Transit,WASP-74
WASP-75 b,Confirmed,1.07,2.484193,0.0375,0,2013,Primary Transit,WASP-75
WASP-76 b,Confirmed,0.92,1.809886,0.033,0,2013,Primary Transit,WASP-76
WASP-78 b,Confirmed,1.16,2.17517656,0.0415,0,2012,Primary Transit,WASP-78
WASP-79 b,Confirmed,0.9,3.6623817,0.0539,0,2012,Primary Transit,WASP-79
WASP-8 b,Confirmed,2.244,8.158715,0.0801,0.31,2008,Primary Transit,WASP-8
WASP-80 b,Confirmed,0.554,3.0678504,0.0346,0.07,2013,Primary Transit,WASP-80
WASP-81 b,Confirmed,0.729,2.7164762,0.03908,0,2016,Radial Velocity,WASP-81 
WASP-81 c,Confirmed,56.6,1297,2.426,0.557,2016,Primary Transit,WASP-81 
WASP-82 b,Confirmed,1.24,2.705782,0.0447,0,2013,Primary Transit,WASP-82
WASP-83 b,Confirmed,0.3,4.071252,0.059,0,2014,Primary Transit,WASP-83
WASP-84 b,Confirmed,0.694,8.5234865,0.0771,0,2013,Primary Transit,WASP-84
WASP-87 A b,Confirmed,2.21,1.682795,0.02946,0,2014,Primary Transit,WASP-87 A
WASP-88 b,Confirmed,0.56,4.954,0.06431,0,2013,Primary Transit,WASP-88
WASP-89 b,Confirmed,5.9,3.3564227,0.0427,0.193,2014,Primary Transit,WASP-89
WASP-90 b,Confirmed,0.63,3.916243,0.0562,0,2013,Primary Transit,WASP-90
WASP-91 b,Confirmed,1.34,1.798581,0.037,0,2017,Primary Transit,WASP-91
WASP-92 b,Confirmed,0.805,2.1746742,0.0348,0,2016,Primary Transit,WASP-92
WASP-94 A b,Confirmed,0.452,3.9501907,0.055,0,2014,Primary Transit,WASP-94 A
WASP-95 b,Confirmed,1.13,2.184673,0.03416,0,2013,Primary Transit,WASP-95
WASP-96 b,Confirmed,0.48,3.4252602,0.0453,0,2013,Primary Transit,WASP-96
WASP-97 b,Confirmed,1.32,2.07276,0.03303,0,2013,Primary Transit,WASP-97
WASP-98 b,Confirmed,0.83,2.96264,0.036,0,2013,Primary Transit,WASP-98
WASP-99 b,Confirmed,2.78,5.75251,0.0717,0,2013,Primary Transit,WASP-99
WISE J0720-0846,Confirmed,62,1388,1.3,0.8,2014,Imaging,WISE J0720-0846
WTS-1 b,Confirmed,4.01,3.352059,0.047,0.1,2012,Primary Transit,WTS-1
WTS-2 b,Confirmed,1.12,1.0187074,0.01855,0,2013,Primary Transit,WTS-2
Wolf 1061 b,Confirmed,0.00601,4.8869,0.0375,0.15,2015,Radial Velocity,Wolf 1061
Wolf 1061 c,Confirmed,0.0107,17.8719,0.089,0.11,2015,Radial Velocity,Wolf 1061
Wolf 1061 d,Confirmed,0.0242,217.21,0.47,0.55,2015,Radial Velocity,Wolf 1061
XO-1 b,Confirmed,0.9,3.9415128,0.0488,0,2006,Primary Transit,XO-1
XO-2N b,Confirmed,0.62,2.615838,0.0369,0.045,2007,Primary Transit,XO-2N
XO-2S b,Confirmed,0.259,18.157,0.1344,0.18,2014,Radial Velocity,XO-2S
XO-2S c,Confirmed,1.37,120.8,0.4756,0.1528,2014,Radial Velocity,XO-2S
XO-3 b,Confirmed,11.79,3.1915239,0.0454,0.26,2007,Primary Transit,XO-3
XO-4 b,Confirmed,1.616,4.12473,0.05485,0,2008,Primary Transit,XO-4
XO-5 b,Confirmed,1.077,4.1877537,0.0487,0,2008,Primary Transit,XO-5
XO-6 b,Confirmed,1.9,3.7650007,0.0815,0,2016,Primary Transit,XO-6
YZ Cet b,Confirmed,0.0024,1.96876,0.01557,0,2017,Radial Velocity,YZ Cet
YZ Cet c,Confirmed,0.0031,3.06008,0.0209,0.04,2017,Radial Velocity,YZ Cet
YZ Cet d,Confirmed,0.00359,4.65627,0.02764,0.129,2017,Radial Velocity,YZ Cet
alf Ari b,Confirmed,1.8,380.8,1.2,0.25,2011,Radial Velocity,alf Ari
alf Cen B b,Confirmed,0.0036,3.2357,0.04,0,2012,Radial Velocity,alpha Cen B
beta Cnc b,Confirmed,7.8,605.2,1.7,0.08,2014,Radial Velocity,beta Cnc
beta Pic b,Confirmed,7,13288,13.18,0.323,2008,Imaging,beta Pic
beta Umi b,Confirmed,6.1,522.3,1.4,0.19,2014,Radial Velocity,beta Umi
eps CrB b,Confirmed,6.7,417.9,1.3,0.11,2012,Radial Velocity,eps CrB
eps Eridani b,Confirmed,3.09,2502,3.39,0.702,2000,Radial Velocity,eps Eridani
eps Tau b,Confirmed,7.34,594.9,1.9,0.151,2007,Radial Velocity,eps Tau
eta Cet b,Confirmed,2.55,403.5,1.27,0.13,2014,Radial Velocity,eta Cet
eta Cet c,Confirmed,3.32,751.9,1.93,0.1,2014,Radial Velocity,eta Cet
gamma 1 Leo b,Confirmed,63.9,428.5,1.19,0.144,2009,Radial Velocity,gamma 1 Leo
gamma Cephei b,Confirmed,11.1,903.3,2.05,0.049,2003,Radial Velocity,gamma Cephei
kappa CrB b,Confirmed,1.6,1251,2.6,0.19,2007,Radial Velocity,kappa CrB
ksi Aql b,Confirmed,2.02,136.75,0.58,0,2008,Radial Velocity,ksi Aql
mu Ara b,Confirmed,1.676,643.25,1.5,0.128,2000,Radial Velocity,mu Ara
mu Ara c,Confirmed,0.03321,9.6386,0.09094,0.172,2004,Radial Velocity,mu Ara
mu Ara d,Confirmed,0.5219,310.55,0.921,0.0666,2004,Radial Velocity,mu Ara
mu Ara e,Confirmed,1.814,4205.8,5.235,0.0985,2006,Radial Velocity,mu Ara
mu Leo b,Confirmed,2.4,357.8,1.1,0.09,2014,Radial Velocity,mu Leo
nu Oph b,Confirmed,24,530.32,1.9,0.13,2004,Radial Velocity,nu Oph
nu Oph c,Confirmed,27,3186,6.1,0.18,2010,Radial Velocity,nu Oph
ome Ser b,Confirmed,1.7,277.02,1.1,0.106,2013,Radial Velocity,ome Ser
omi CrB b,Confirmed,1.5,187.3,0.83,0.191,2012,Radial Velocity,omi  CrB
sig Per b,Confirmed,6.5,579.8,1.8,0.3,2014,Radial Velocity,sig Per
tau Boo b,Confirmed,5.84,3.31249,0.046,0.0787,1996,Radial Velocity,tau Boo
tau Cet e,Confirmed,0.0124,162.87,0.538,0.18,2012,Radial Velocity,tau Cet
tau Cet f,Confirmed,0.0124,636.13,1.334,0.16,2012,Radial Velocity,tau Cet
tau Cet g,Confirmed,0.00551,20,0.133,0.06,2017,Radial Velocity,tau Cet
tau Cet h,Confirmed,0.00576,49.41,0.243,0.23,2017,Radial Velocity,tau Cet
tau Gem b,Confirmed,20.6,305.5,1.17,0.031,2004,Radial Velocity,tau Gem
ups And b,Confirmed,0.62,4.61711,0.059,0.01186,1996,Radial Velocity,ups And
ups And c,Confirmed,9.1,240.937,0.861,0.2445,1999,Radial Velocity,ups And
ups And d,Confirmed,23.58,1281.439,2.55,0.316,1999,Radial Velocity,ups And
ups And e,Confirmed,1.059,3848.86,5.2456,0.00536,2010,Radial Velocity,ups And
